{
  "dataset": "bench_twitter_t2e",
  "method": "emb_bge-base_type_prefix",
  "model": "BAAI/bge-base-en-v1.5",
  "battery_dir": "E:\\Projects\\ImplicitEntities\\experiments\\results\\retrieval_20260416_125928",
  "n_samples": 851,
  "n_matched": 601,
  "Hit@1": 0.32432432432432434,
  "Hit@3": 0.5135135135135135,
  "Hit@5": 0.5887191539365453,
  "Hit@10": 0.7062279670975323,
  "P@1": 0.32432432432432434,
  "P@3": 0.1711711711711709,
  "P@5": 0.11774383078731009,
  "P@10": 0.07062279670975392,
  "R@1": 0.32432432432432434,
  "R@3": 0.5135135135135135,
  "R@5": 0.5887191539365453,
  "R@10": 0.7062279670975323,
  "nDCG@1": 0.32432432432432434,
  "nDCG@3": 0.435073588866044,
  "nDCG@5": 0.4658149986073535,
  "nDCG@10": 0.5041570436812451,
  "Global_MRR": 0.44088840393188217,
  "Filtered_MRR": 0.6242862425058764,
  "tier_exact": 565,
  "tier_containment": 4,
  "tier_jaccard": 2,
  "tier_synonym": 30,
  "tier_alias": 0,
  "tier_none": 250,
  "elapsed_seconds": 2.7,
  "entity_repr": "type_prefix"
}