{
  "dataset": "bench_veterans_t2e",
  "method": "emb_bge-base_type_prefix",
  "model": "BAAI/bge-base-en-v1.5",
  "battery_dir": "E:\\Projects\\ImplicitEntities\\experiments\\results\\retrieval_20260416_125928",
  "n_samples": 620,
  "n_matched": 309,
  "Hit@1": 0.08548387096774193,
  "Hit@3": 0.23387096774193547,
  "Hit@5": 0.317741935483871,
  "Hit@10": 0.49838709677419357,
  "P@1": 0.08548387096774193,
  "P@3": 0.07795698924731194,
  "P@5": 0.06354838709677423,
  "P@10": 0.04983870967741963,
  "R@1": 0.08548387096774193,
  "R@3": 0.23387096774193547,
  "R@5": 0.317741935483871,
  "R@10": 0.49838709677419357,
  "nDCG@1": 0.08548387096774193,
  "nDCG@3": 0.16960273938364254,
  "nDCG@5": 0.20388622889655586,
  "nDCG@10": 0.26151965253366266,
  "Global_MRR": 0.18977342549923193,
  "Filtered_MRR": 0.380775157959624,
  "tier_exact": 212,
  "tier_containment": 30,
  "tier_jaccard": 0,
  "tier_synonym": 67,
  "tier_alias": 0,
  "tier_none": 311,
  "elapsed_seconds": 4.2,
  "entity_repr": "type_prefix"
}