{
  "dataset": "bench_veterans_t2e",
  "method": "emb_bge-base_name",
  "model": "BAAI/bge-base-en-v1.5",
  "battery_dir": "E:\\Projects\\ImplicitEntities\\experiments\\results\\retrieval_20260416_125928",
  "n_samples": 620,
  "n_matched": 308,
  "Hit@1": 0.07096774193548387,
  "Hit@3": 0.22903225806451613,
  "Hit@5": 0.32741935483870965,
  "Hit@10": 0.4967741935483871,
  "P@1": 0.07096774193548387,
  "P@3": 0.07634408602150547,
  "P@5": 0.065483870967742,
  "P@10": 0.04967741935483898,
  "R@1": 0.07096774193548387,
  "R@3": 0.22903225806451613,
  "R@5": 0.32741935483870965,
  "R@10": 0.4967741935483871,
  "nDCG@1": 0.07096774193548387,
  "nDCG@3": 0.16055885109447218,
  "nDCG@5": 0.2008820466882628,
  "nDCG@10": 0.25535657191482547,
  "Global_MRR": 0.1816647465437788,
  "Filtered_MRR": 0.3656887755102041,
  "tier_exact": 199,
  "tier_containment": 33,
  "tier_jaccard": 1,
  "tier_synonym": 75,
  "tier_alias": 0,
  "tier_none": 312,
  "elapsed_seconds": 4.1,
  "entity_repr": "name"
}