{
  "dataset": "bench_veterans_t2e",
  "method": "emb_e5-base_name",
  "model": "intfloat/e5-base-v2",
  "battery_dir": "E:\\Projects\\ImplicitEntities\\experiments\\results\\retrieval_20260416_125928",
  "n_samples": 620,
  "n_matched": 342,
  "Hit@1": 0.08548387096774193,
  "Hit@3": 0.25806451612903225,
  "Hit@5": 0.36451612903225805,
  "Hit@10": 0.5516129032258065,
  "P@1": 0.08548387096774193,
  "P@3": 0.08602150537634425,
  "P@5": 0.07290322580645178,
  "P@10": 0.05516129032258099,
  "R@1": 0.08548387096774193,
  "R@3": 0.25806451612903225,
  "R@5": 0.36451612903225805,
  "R@10": 0.5516129032258065,
  "nDCG@1": 0.08548387096774193,
  "nDCG@3": 0.18360010677419586,
  "nDCG@5": 0.22725513347877568,
  "nDCG@10": 0.2875152350191784,
  "Global_MRR": 0.20691052227342552,
  "Filtered_MRR": 0.37510094681147316,
  "tier_exact": 250,
  "tier_containment": 34,
  "tier_jaccard": 0,
  "tier_synonym": 58,
  "tier_alias": 0,
  "tier_none": 278,
  "elapsed_seconds": 4.0,
  "entity_repr": "name"
}