{
  "dataset": "bench_twitter_t2e",
  "method": "emb_bge-base_name",
  "model": "BAAI/bge-base-en-v1.5",
  "battery_dir": "E:\\Projects\\ImplicitEntities\\experiments\\results\\retrieval_20260416_125928",
  "n_samples": 851,
  "n_matched": 664,
  "Hit@1": 0.3490011750881316,
  "Hit@3": 0.5922444183313749,
  "Hit@5": 0.6756756756756757,
  "Hit@10": 0.7802585193889542,
  "P@1": 0.3490011750881316,
  "P@3": 0.19741480611045875,
  "P@5": 0.13513513513513642,
  "P@10": 0.07802585193889601,
  "R@1": 0.3490011750881316,
  "R@3": 0.5922444183313749,
  "R@5": 0.6756756756756757,
  "R@10": 0.7802585193889542,
  "nDCG@1": 0.3490011750881316,
  "nDCG@3": 0.49123923264227515,
  "nDCG@5": 0.526089687231694,
  "nDCG@10": 0.5599569147317798,
  "Global_MRR": 0.48995905843731935,
  "Filtered_MRR": 0.6279445161598776,
  "tier_exact": 632,
  "tier_containment": 5,
  "tier_jaccard": 1,
  "tier_synonym": 26,
  "tier_alias": 0,
  "tier_none": 187,
  "elapsed_seconds": 2.8,
  "entity_repr": "name"
}