{
  "dataset": "bench_veterans_t2e",
  "method": "emb_e5-base_description",
  "model": "intfloat/e5-base-v2",
  "battery_dir": "E:\\Projects\\ImplicitEntities\\experiments\\results\\retrieval_20260416_125928",
  "n_samples": 620,
  "n_matched": 352,
  "Hit@1": 0.13064516129032258,
  "Hit@3": 0.29193548387096774,
  "Hit@5": 0.4129032258064516,
  "Hit@10": 0.567741935483871,
  "P@1": 0.13064516129032258,
  "P@3": 0.09731182795698949,
  "P@5": 0.08258064516129063,
  "P@10": 0.05677419354838747,
  "R@1": 0.13064516129032258,
  "R@3": 0.29193548387096774,
  "R@5": 0.4129032258064516,
  "R@10": 0.567741935483871,
  "nDCG@1": 0.13064516129032258,
  "nDCG@3": 0.22459447495968002,
  "nDCG@5": 0.27386510693056765,
  "nDCG@10": 0.32305200371862125,
  "Global_MRR": 0.24814132104454686,
  "Filtered_MRR": 0.43706709956709955,
  "tier_exact": 265,
  "tier_containment": 32,
  "tier_jaccard": 2,
  "tier_synonym": 53,
  "tier_alias": 0,
  "tier_none": 268,
  "elapsed_seconds": 4.1,
  "entity_repr": "description"
}