{
  "dataset": "bench_veterans_t2e",
  "method": "emb_bge-base_description",
  "model": "BAAI/bge-base-en-v1.5",
  "battery_dir": "E:\\Projects\\ImplicitEntities\\experiments\\results\\retrieval_20260416_125928",
  "n_samples": 620,
  "n_matched": 360,
  "Hit@1": 0.14516129032258066,
  "Hit@3": 0.33064516129032256,
  "Hit@5": 0.41451612903225804,
  "Hit@10": 0.5806451612903226,
  "P@1": 0.14516129032258066,
  "P@3": 0.11021505376344104,
  "P@5": 0.08290322580645192,
  "P@10": 0.05806451612903265,
  "R@1": 0.14516129032258066,
  "R@3": 0.33064516129032256,
  "R@5": 0.41451612903225804,
  "R@10": 0.5806451612903226,
  "nDCG@1": 0.14516129032258066,
  "nDCG@3": 0.25205208627304415,
  "nDCG@5": 0.2865476261932422,
  "nDCG@10": 0.3407968334040907,
  "Global_MRR": 0.2668068356374808,
  "Filtered_MRR": 0.45950066137566137,
  "tier_exact": 269,
  "tier_containment": 23,
  "tier_jaccard": 4,
  "tier_synonym": 64,
  "tier_alias": 0,
  "tier_none": 260,
  "elapsed_seconds": 4.4,
  "entity_repr": "description"
}