{
  "dataset": "bench_twitter_t2e",
  "method": "emb_bge-base_description",
  "model": "BAAI/bge-base-en-v1.5",
  "battery_dir": "E:\\Projects\\ImplicitEntities\\experiments\\results\\retrieval_20260416_125928",
  "n_samples": 851,
  "n_matched": 785,
  "Hit@1": 0.5428907168037603,
  "Hit@3": 0.7873090481786134,
  "Hit@5": 0.8495887191539365,
  "Hit@10": 0.9224441833137486,
  "P@1": 0.5428907168037603,
  "P@3": 0.26243634939287347,
  "P@5": 0.1699177438307877,
  "P@10": 0.09224441833137463,
  "R@1": 0.5428907168037603,
  "R@3": 0.7873090481786134,
  "R@5": 0.8495887191539365,
  "R@10": 0.9224441833137486,
  "nDCG@1": 0.5428907168037603,
  "nDCG@3": 0.6875625664176648,
  "nDCG@5": 0.7137155027478466,
  "nDCG@10": 0.73740574137623,
  "Global_MRR": 0.677617835226531,
  "Filtered_MRR": 0.7345895258315641,
  "tier_exact": 766,
  "tier_containment": 6,
  "tier_jaccard": 1,
  "tier_synonym": 12,
  "tier_alias": 0,
  "tier_none": 66,
  "elapsed_seconds": 3.0,
  "entity_repr": "description"
}