{
  "dataset": "bench_twitter_t2e",
  "method": "embedding",
  "model": "google/gemini-2.0-flash-001:floor",
  "battery_dir": "E:\\Projects\\ImplicitEntities\\experiments\\results\\battery_20260416_114734",
  "n_samples": 851,
  "n_matched": 531,
  "Hit@1": 0.26556991774383076,
  "Hit@3": 0.4418331374853114,
  "Hit@5": 0.5240893066980024,
  "Hit@10": 0.6239717978848414,
  "Global_MRR": 0.3766204092291049,
  "Filtered_MRR": 0.603585627596927,
  "tier_exact": 524,
  "tier_alias": 4,
  "tier_jaccard": 3,
  "tier_none": 320,
  "elapsed_seconds": 118.2
}