{
  "dataset": "bench_veterans_t2e",
  "method": "llm_batch",
  "model": "gpt-4o-mini",
  "battery_dir": "E:\\Projects\\ImplicitEntities\\experiments\\results\\battery_20260416_114734",
  "n_samples": 620,
  "n_matched": 275,
  "Hit@1": 0.2903225806451613,
  "Hit@3": 0.4435483870967742,
  "Hit@5": 0.4435483870967742,
  "Hit@10": 0.4435483870967742,
  "Global_MRR": 0.3586021505376344,
  "Filtered_MRR": 0.8084848484848484,
  "tier_exact": 175,
  "tier_alias": 74,
  "tier_jaccard": 26,
  "tier_none": 345
}