{
  "dataset": "bench_veterans_t2e",
  "method": "llm",
  "model": "meta-llama/llama-3.1-8b-instruct:floor",
  "battery_dir": "E:\\Projects\\ImplicitEntities\\experiments\\results\\battery_20260416_114734",
  "n_samples": 620,
  "n_matched": 345,
  "Hit@1": 0.40483870967741936,
  "Hit@3": 0.5564516129032258,
  "Hit@5": 0.5564516129032258,
  "Hit@10": 0.5564516129032258,
  "Global_MRR": 0.47338709677419355,
  "Filtered_MRR": 0.8507246376811595,
  "tier_exact": 128,
  "tier_alias": 200,
  "tier_jaccard": 17,
  "tier_none": 275,
  "elapsed_seconds": 223.5
}