{
  "dataset": "bench_twitter_e2t",
  "method": "llm_batch",
  "model": "gpt-4o-mini",
  "battery_dir": "E:\\Projects\\ImplicitEntities\\experiments\\results\\battery_20260416_114734",
  "n_samples": 769,
  "n_matched": 502,
  "Hit@1": 0.4850455136540962,
  "Hit@3": 0.6527958387516255,
  "Hit@5": 0.6527958387516255,
  "Hit@10": 0.6527958387516255,
  "Global_MRR": 0.5624187256176854,
  "Filtered_MRR": 0.8615537848605578,
  "tier_exact": 376,
  "tier_alias": 78,
  "tier_jaccard": 48,
  "tier_none": 267
}