{
  "dataset": "bench_twitter_e2t",
  "method": "closedset",
  "model": "google/gemini-2.0-flash-001:floor",
  "battery_dir": "E:\\Projects\\ImplicitEntities\\experiments\\results\\battery_20260416_114734",
  "n_samples": 769,
  "n_matched": 665,
  "Hit@1": 0.7503250975292588,
  "Hit@3": 0.8647594278283485,
  "Hit@5": 0.8647594278283485,
  "Hit@10": 0.8647594278283485,
  "Global_MRR": 0.805158214130906,
  "Filtered_MRR": 0.9310776942355891,
  "tier_exact": 645,
  "tier_alias": 13,
  "tier_jaccard": 7,
  "tier_none": 104,
  "elapsed_seconds": 223.8,
  "n_entities": 269
}