epoch,steps,cosine-Accuracy@1,cosine-Accuracy@3,cosine-Accuracy@5,cosine-Accuracy@10,cosine-Precision@1,cosine-Recall@1,cosine-Precision@3,cosine-Recall@3,cosine-Precision@5,cosine-Recall@5,cosine-Precision@10,cosine-Recall@10,cosine-MRR@10,cosine-NDCG@10,cosine-MAP@100
1.0,562,0.3862559241706161,0.5541074249605056,0.6267772511848341,0.7199842022116903,0.3862559241706161,0.3862559241706161,0.18470247498683517,0.5541074249605056,0.12535545023696681,0.6267772511848341,0.07199842022116903,0.7199842022116903,0.49078587727876766,0.5456206004856321,0.4992318233955178
