{
  "dataset": "v3_twitter_e2t",
  "method": "B2_type_name",
  "model": "BAAI/bge-base-en-v1.5",
  "battery_dir": "E:\\Projects\\ImplicitEntities\\experiments\\results\\final_20260416_142430",
  "n_samples": 736,
  "n_matched": 489,
  "Hit@1": 0.2554347826086957,
  "Hit@3": 0.4279891304347826,
  "Hit@5": 0.5203804347826086,
  "Hit@10": 0.6644021739130435,
  "P@1": 0.2554347826086957,
  "P@3": 0.1426630434782603,
  "P@5": 0.10407608695652248,
  "P@10": 0.06644021739130493,
  "R@1": 0.2554347826086957,
  "R@3": 0.4279891304347826,
  "R@5": 0.5203804347826086,
  "R@10": 0.6644021739130435,
  "nDCG@1": 0.2554347826086957,
  "nDCG@3": 0.3557655577882402,
  "nDCG@5": 0.39382957568859955,
  "nDCG@10": 0.440791225063011,
  "Global_MRR": 0.3715768417874396,
  "Filtered_MRR": 0.5592649397864122,
  "tier_exact": 441,
  "tier_wikidata_alias": 1,
  "tier_containment": 6,
  "tier_jaccard": 1,
  "tier_synonym": 40,
  "tier_alias": 0,
  "tier_none": 247,
  "elapsed_seconds": 2.8
}