{
  "dataset": "v3_twitter_t2e",
  "method": "B3_wiki_desc",
  "model": "BAAI/bge-base-en-v1.5",
  "battery_dir": "E:\\Projects\\ImplicitEntities\\experiments\\results\\final_20260416_142430",
  "n_samples": 807,
  "n_matched": 708,
  "Hit@1": 0.5117719950433705,
  "Hit@3": 0.7410161090458488,
  "Hit@5": 0.8141263940520446,
  "Hit@10": 0.8773234200743495,
  "P@1": 0.5117719950433705,
  "P@3": 0.2470053696819512,
  "P@5": 0.16282527881041026,
  "P@10": 0.08773234200743525,
  "R@1": 0.5117719950433705,
  "R@3": 0.7410161090458488,
  "R@5": 0.8141263940520446,
  "R@10": 0.8773234200743495,
  "nDCG@1": 0.5117719950433705,
  "nDCG@3": 0.6473233435077064,
  "nDCG@5": 0.6772353982189869,
  "nDCG@10": 0.6977616826588703,
  "Global_MRR": 0.6398339922503491,
  "Filtered_MRR": 0.7293023047260335,
  "tier_exact": 691,
  "tier_wikidata_alias": 0,
  "tier_containment": 7,
  "tier_jaccard": 0,
  "tier_synonym": 10,
  "tier_alias": 0,
  "tier_none": 99,
  "elapsed_seconds": 3.6
}