{
  "dataset": "v3_twitter_e2t",
  "method": "B3_wiki_desc",
  "model": "BAAI/bge-base-en-v1.5",
  "battery_dir": "E:\\Projects\\ImplicitEntities\\experiments\\results\\final_20260416_142430",
  "n_samples": 736,
  "n_matched": 569,
  "Hit@1": 0.37092391304347827,
  "Hit@3": 0.5557065217391305,
  "Hit@5": 0.6480978260869565,
  "Hit@10": 0.7730978260869565,
  "P@1": 0.37092391304347827,
  "P@3": 0.18523550724637614,
  "P@5": 0.1296195652173924,
  "P@10": 0.07730978260869638,
  "R@1": 0.37092391304347827,
  "R@3": 0.5557065217391305,
  "R@5": 0.6480978260869565,
  "R@10": 0.7730978260869565,
  "nDCG@1": 0.37092391304347827,
  "nDCG@3": 0.4795035429008189,
  "nDCG@5": 0.517627103940905,
  "nDCG@10": 0.5582040131498203,
  "Global_MRR": 0.4911576949620428,
  "Filtered_MRR": 0.6353111836415879,
  "tier_exact": 533,
  "tier_wikidata_alias": 0,
  "tier_containment": 6,
  "tier_jaccard": 0,
  "tier_synonym": 30,
  "tier_alias": 0,
  "tier_none": 167,
  "elapsed_seconds": 3.0
}