{
  "dataset": "v3_twitter_t2e",
  "method": "B2_type_name",
  "model": "BAAI/bge-base-en-v1.5",
  "battery_dir": "E:\\Projects\\ImplicitEntities\\experiments\\results\\final_20260416_142430",
  "n_samples": 807,
  "n_matched": 574,
  "Hit@1": 0.3135068153655514,
  "Hit@3": 0.506815365551425,
  "Hit@5": 0.5811648079306072,
  "Hit@10": 0.711276332094176,
  "P@1": 0.3135068153655514,
  "P@3": 0.16893845518380773,
  "P@5": 0.11623296158612242,
  "P@10": 0.07112763320941827,
  "R@1": 0.3135068153655514,
  "R@3": 0.506815365551425,
  "R@5": 0.5811648079306072,
  "R@10": 0.711276332094176,
  "nDCG@1": 0.3135068153655514,
  "nDCG@3": 0.42638534740662437,
  "nDCG@5": 0.4568310781502146,
  "nDCG@10": 0.49921068516343164,
  "Global_MRR": 0.43304419661296983,
  "Filtered_MRR": 0.6088269454123112,
  "tier_exact": 540,
  "tier_wikidata_alias": 0,
  "tier_containment": 4,
  "tier_jaccard": 2,
  "tier_synonym": 28,
  "tier_alias": 0,
  "tier_none": 233,
  "elapsed_seconds": 3.7
}