{
  "dataset": "v3_twitter_e2t",
  "method": "B1_name",
  "model": "BAAI/bge-base-en-v1.5",
  "battery_dir": "E:\\Projects\\ImplicitEntities\\experiments\\results\\final_20260416_142430",
  "n_samples": 736,
  "n_matched": 471,
  "Hit@1": 0.24456521739130435,
  "Hit@3": 0.40625,
  "Hit@5": 0.5,
  "Hit@10": 0.6399456521739131,
  "P@1": 0.24456521739130435,
  "P@3": 0.1354166666666662,
  "P@5": 0.10000000000000069,
  "P@10": 0.06399456521739184,
  "R@1": 0.24456521739130435,
  "R@3": 0.40625,
  "R@5": 0.5,
  "R@10": 0.6399456521739131,
  "nDCG@1": 0.24456521739130435,
  "nDCG@3": 0.3387496352144823,
  "nDCG@5": 0.37710109578315515,
  "nDCG@10": 0.4224645363752061,
  "Global_MRR": 0.3553490553830228,
  "Filtered_MRR": 0.5552800525730461,
  "tier_exact": 428,
  "tier_wikidata_alias": 1,
  "tier_containment": 4,
  "tier_jaccard": 2,
  "tier_synonym": 36,
  "tier_alias": 0,
  "tier_none": 265,
  "elapsed_seconds": 3.0
}