{
  "dataset": "v3_twitter_t2e",
  "method": "B1_name",
  "model": "BAAI/bge-base-en-v1.5",
  "battery_dir": "E:\\Projects\\ImplicitEntities\\experiments\\results\\final_20260416_142430",
  "n_samples": 807,
  "n_matched": 632,
  "Hit@1": 0.34076827757125155,
  "Hit@3": 0.5935563816604709,
  "Hit@5": 0.6790582403965304,
  "Hit@10": 0.7831474597273854,
  "P@1": 0.34076827757125155,
  "P@3": 0.19785212722015716,
  "P@5": 0.13581164807930735,
  "P@10": 0.07831474597273931,
  "R@1": 0.34076827757125155,
  "R@3": 0.5935563816604709,
  "R@5": 0.6790582403965304,
  "R@10": 0.7831474597273854,
  "nDCG@1": 0.34076827757125155,
  "nDCG@3": 0.48874059135688275,
  "nDCG@5": 0.5244238425829657,
  "nDCG@10": 0.5581474795734787,
  "Global_MRR": 0.4865344898802148,
  "Filtered_MRR": 0.6212552742616033,
  "tier_exact": 600,
  "tier_wikidata_alias": 0,
  "tier_containment": 5,
  "tier_jaccard": 1,
  "tier_synonym": 26,
  "tier_alias": 0,
  "tier_none": 175,
  "elapsed_seconds": 3.6
}