{
  "dataset": "v3_veterans_t2e",
  "method": "B3_wiki_desc",
  "model": "BAAI/bge-base-en-v1.5",
  "battery_dir": "E:\\Projects\\ImplicitEntities\\experiments\\results\\final_20260416_142430",
  "n_samples": 530,
  "n_matched": 315,
  "Hit@1": 0.16792452830188678,
  "Hit@3": 0.34150943396226413,
  "Hit@5": 0.4339622641509434,
  "Hit@10": 0.5943396226415094,
  "P@1": 0.16792452830188678,
  "P@3": 0.11383647798742166,
  "P@5": 0.0867924528301889,
  "P@10": 0.05943396226415128,
  "R@1": 0.16792452830188678,
  "R@3": 0.34150943396226413,
  "R@5": 0.4339622641509434,
  "R@10": 0.5943396226415094,
  "nDCG@1": 0.16792452830188678,
  "nDCG@3": 0.26756291921833125,
  "nDCG@5": 0.30564377313904895,
  "nDCG@10": 0.3579315957824653,
  "Global_MRR": 0.2850928421683138,
  "Filtered_MRR": 0.47968002015621064,
  "tier_exact": 227,
  "tier_wikidata_alias": 0,
  "tier_containment": 32,
  "tier_jaccard": 2,
  "tier_synonym": 54,
  "tier_alias": 0,
  "tier_none": 215,
  "elapsed_seconds": 4.9
}