{
  "dataset": "v3_veterans_e2t",
  "method": "B1_name",
  "model": "BAAI/bge-base-en-v1.5",
  "battery_dir": "E:\\Projects\\ImplicitEntities\\experiments\\results\\final_20260416_142430",
  "n_samples": 1246,
  "n_matched": 603,
  "Hit@1": 0.10353130016051364,
  "Hit@3": 0.22070626003210272,
  "Hit@5": 0.31380417335473515,
  "Hit@10": 0.4839486356340289,
  "P@1": 0.10353130016051364,
  "P@3": 0.07356875334403407,
  "P@5": 0.0627608346709475,
  "P@10": 0.04839486356340336,
  "R@1": 0.10353130016051364,
  "R@3": 0.22070626003210272,
  "R@5": 0.31380417335473515,
  "R@10": 0.4839486356340289,
  "nDCG@1": 0.10353130016051364,
  "nDCG@3": 0.16989470446572033,
  "nDCG@5": 0.20780915726227303,
  "nDCG@10": 0.26210993005810623,
  "Global_MRR": 0.1952693062243624,
  "Filtered_MRR": 0.4034918002579694,
  "tier_exact": 446,
  "tier_wikidata_alias": 7,
  "tier_containment": 42,
  "tier_jaccard": 3,
  "tier_synonym": 105,
  "tier_alias": 0,
  "tier_none": 643,
  "elapsed_seconds": 8.1
}