{
  "dataset": "v3_veterans_e2t",
  "method": "B3_wiki_desc",
  "model": "BAAI/bge-base-en-v1.5",
  "battery_dir": "E:\\Projects\\ImplicitEntities\\experiments\\results\\final_20260416_142430",
  "n_samples": 1246,
  "n_matched": 704,
  "Hit@1": 0.13723916532905298,
  "Hit@3": 0.2825040128410915,
  "Hit@5": 0.3884430176565008,
  "Hit@10": 0.565008025682183,
  "P@1": 0.13723916532905298,
  "P@3": 0.09416800428036336,
  "P@5": 0.07768860353130083,
  "P@10": 0.05650080256821852,
  "R@1": 0.13723916532905298,
  "R@3": 0.2825040128410915,
  "R@5": 0.3884430176565008,
  "R@10": 0.565008025682183,
  "nDCG@1": 0.13723916532905298,
  "nDCG@3": 0.2213253155210983,
  "nDCG@5": 0.2650163262510758,
  "nDCG@10": 0.3219984874578415,
  "Global_MRR": 0.24796905653647225,
  "Filtered_MRR": 0.4388770517676768,
  "tier_exact": 503,
  "tier_wikidata_alias": 6,
  "tier_containment": 67,
  "tier_jaccard": 6,
  "tier_synonym": 122,
  "tier_alias": 0,
  "tier_none": 542,
  "elapsed_seconds": 9.0
}