{
  "dataset": "v3_veterans_t2e",
  "method": "B1_name",
  "model": "BAAI/bge-base-en-v1.5",
  "battery_dir": "E:\\Projects\\ImplicitEntities\\experiments\\results\\final_20260416_142430",
  "n_samples": 530,
  "n_matched": 284,
  "Hit@1": 0.09056603773584905,
  "Hit@3": 0.25471698113207547,
  "Hit@5": 0.3641509433962264,
  "Hit@10": 0.5358490566037736,
  "P@1": 0.09056603773584905,
  "P@3": 0.08490566037735857,
  "P@5": 0.0728301886792453,
  "P@10": 0.05358490566037761,
  "R@1": 0.09056603773584905,
  "R@3": 0.25471698113207547,
  "R@5": 0.3641509433962264,
  "R@10": 0.5358490566037736,
  "nDCG@1": 0.09056603773584905,
  "nDCG@3": 0.18375818662399152,
  "nDCG@5": 0.22890435709215048,
  "nDCG@10": 0.28431734560856387,
  "Global_MRR": 0.20733303384246782,
  "Filtered_MRR": 0.3869243237200984,
  "tier_exact": 173,
  "tier_wikidata_alias": 1,
  "tier_containment": 34,
  "tier_jaccard": 0,
  "tier_synonym": 76,
  "tier_alias": 0,
  "tier_none": 246,
  "elapsed_seconds": 7.2
}