{
  "dataset": "v3_veterans_t2e",
  "method": "B2_type_name",
  "model": "BAAI/bge-base-en-v1.5",
  "battery_dir": "E:\\Projects\\ImplicitEntities\\experiments\\results\\final_20260416_142430",
  "n_samples": 530,
  "n_matched": 280,
  "Hit@1": 0.09811320754716982,
  "Hit@3": 0.2528301886792453,
  "Hit@5": 0.32075471698113206,
  "Hit@10": 0.5283018867924528,
  "P@1": 0.09811320754716982,
  "P@3": 0.0842767295597485,
  "P@5": 0.0641509433962263,
  "P@10": 0.05283018867924552,
  "R@1": 0.09811320754716982,
  "R@3": 0.2528301886792453,
  "R@5": 0.32075471698113206,
  "R@10": 0.5283018867924528,
  "nDCG@1": 0.09811320754716982,
  "nDCG@3": 0.18757652438679487,
  "nDCG@5": 0.21550704528721085,
  "nDCG@10": 0.28239615271941315,
  "Global_MRR": 0.2080196166516921,
  "Filtered_MRR": 0.3937514172335601,
  "tier_exact": 183,
  "tier_wikidata_alias": 1,
  "tier_containment": 26,
  "tier_jaccard": 0,
  "tier_synonym": 70,
  "tier_alias": 0,
  "tier_none": 250,
  "elapsed_seconds": 4.6
}