{
  "dataset": "v3_veterans_e2t",
  "method": "B2_type_name",
  "model": "BAAI/bge-base-en-v1.5",
  "battery_dir": "E:\\Projects\\ImplicitEntities\\experiments\\results\\final_20260416_142430",
  "n_samples": 1246,
  "n_matched": 577,
  "Hit@1": 0.11797752808988764,
  "Hit@3": 0.2391653290529695,
  "Hit@5": 0.3202247191011236,
  "Hit@10": 0.46308186195826645,
  "P@1": 0.11797752808988764,
  "P@3": 0.07972177635098956,
  "P@5": 0.0640449438202252,
  "P@10": 0.046308186195827085,
  "R@1": 0.11797752808988764,
  "R@3": 0.2391653290529695,
  "R@5": 0.3202247191011236,
  "R@10": 0.46308186195826645,
  "nDCG@1": 0.11797752808988764,
  "nDCG@3": 0.18645243299988679,
  "nDCG@5": 0.2196042346238597,
  "nDCG@10": 0.26549315747495794,
  "Global_MRR": 0.20542370506254937,
  "Filtered_MRR": 0.4436012764435641,
  "tier_exact": 410,
  "tier_wikidata_alias": 6,
  "tier_containment": 30,
  "tier_jaccard": 3,
  "tier_synonym": 128,
  "tier_alias": 0,
  "tier_none": 669,
  "elapsed_seconds": 8.6
}