{
  "dataset": "veterans_t2e",
  "method": "ensemble_cascade_llm_hybrid",
  "model": "ensemble",
  "timestamp": "20260416_103429",
  "sbert_available": true,
  "n_samples": 846,
  "n_matched": 216,
  "Hit@1": 0.19621749408983452,
  "Hit@3": 0.2553191489361702,
  "Hit@5": 0.2553191489361702,
  "Hit@10": 0.2553191489361702,
  "Global_MRR": 0.2232072498029945,
  "Filtered_MRR": 0.8742283950617284,
  "tier_exact": 189,
  "tier_alias": 0,
  "tier_jaccard": 27,
  "tier_none": 630
}