{
  "dataset": "twitter",
  "method": "llm",
  "model": "google/gemini-2.0-flash-001",
  "timestamp": "20260416_092603",
  "sbert_available": true,
  "n_samples": 856,
  "n_matched": 780,
  "Hit@1": 0.7873831775700935,
  "Hit@3": 0.9112149532710281,
  "Hit@5": 0.9112149532710281,
  "Hit@10": 0.9112149532710281,
  "Global_MRR": 0.8454049844236761,
  "Filtered_MRR": 0.9277777777777777,
  "tier_exact": 595,
  "tier_alias": 89,
  "tier_jaccard": 96,
  "tier_none": 76,
  "elapsed_seconds": 114.4
}