{
  "timestamp": "20260416_125824",
  "mode": "description",
  "base_model": "all-MiniLM-L6-v2",
  "use_type_prefix": true,
  "training_time_seconds": 3387.433520793915,
  "baseline": {
    "hit_at_1": 0.11554921540656206,
    "hit_at_3": 0.19971469329529243,
    "hit_at_5": 0.26105563480741795,
    "hit_at_10": 0.33951497860199714,
    "mrr": 0.19181436084999162,
    "num_queries": 701,
    "num_entities": 758
  },
  "trained": {
    "hit_at_1": 0.2296718972895863,
    "hit_at_3": 0.369472182596291,
    "hit_at_5": 0.456490727532097,
    "hit_at_10": 0.5848787446504993,
    "mrr": 0.34354677106228987,
    "num_queries": 701,
    "num_entities": 758
  },
  "improvement": {
    "hit_at_1": 0.11412268188302425,
    "hit_at_3": 0.16975748930099857,
    "hit_at_5": 0.19543509272467907,
    "hit_at_10": 0.24536376604850213,
    "mrr": 0.15173241021229825
  }
}