{
  "timestamp": "20260416_154337",
  "mode": "name",
  "base_model": "bge-base",
  "use_type_prefix": true,
  "training_time_seconds": 4221.7460906505585,
  "baseline": {
    "hit_at_1": 0.12987012987012986,
    "hit_at_3": 0.2756132756132756,
    "hit_at_5": 0.34054834054834054,
    "hit_at_10": 0.4444444444444444,
    "mrr": 0.23478330628604588,
    "num_queries": 693,
    "num_entities": 791
  },
  "trained": {
    "hit_at_1": 0.29148629148629146,
    "hit_at_3": 0.49783549783549785,
    "hit_at_5": 0.5901875901875901,
    "hit_at_10": 0.7229437229437229,
    "mrr": 0.4322476459579012,
    "num_queries": 693,
    "num_entities": 791
  },
  "improvement": {
    "hit_at_1": 0.1616161616161616,
    "hit_at_3": 0.22222222222222227,
    "hit_at_5": 0.2496392496392496,
    "hit_at_10": 0.27849927849927847,
    "mrr": 0.19746433967185534
  }
}