{
  "timestamp": "20260416_171433",
  "mode": "description",
  "base_model": "bge-base",
  "use_type_prefix": true,
  "training_time_seconds": 5260.545050621033,
  "baseline": {
    "hit_at_1": 0.14285714285714285,
    "hit_at_3": 0.2698412698412698,
    "hit_at_5": 0.3246753246753247,
    "hit_at_10": 0.4357864357864358,
    "mrr": 0.23612837245894527,
    "num_queries": 693,
    "num_entities": 791
  },
  "trained": {
    "hit_at_1": 0.3246753246753247,
    "hit_at_3": 0.5194805194805194,
    "hit_at_5": 0.6176046176046176,
    "hit_at_10": 0.7301587301587301,
    "mrr": 0.45656914837214224,
    "num_queries": 693,
    "num_entities": 791
  },
  "improvement": {
    "hit_at_1": 0.18181818181818182,
    "hit_at_3": 0.2496392496392496,
    "hit_at_5": 0.29292929292929293,
    "hit_at_10": 0.29437229437229434,
    "mrr": 0.22044077591319697
  }
}