{
  "dataset": "e2t_veterans",
  "method": "llm",
  "model": "google/gemini-2.0-flash-001",
  "timestamp": "20260416_092603",
  "sbert_available": true,
  "n_samples": 1560,
  "n_matched": 703,
  "Hit@1": 0.3121794871794872,
  "Hit@3": 0.45064102564102565,
  "Hit@5": 0.45064102564102565,
  "Hit@10": 0.45064102564102565,
  "Global_MRR": 0.37393162393162394,
  "Filtered_MRR": 0.8297771455666192,
  "tier_exact": 261,
  "tier_alias": 397,
  "tier_jaccard": 45,
  "tier_none": 857,
  "elapsed_seconds": 308.0
}