{
  "dataset": "e2t_twitter",
  "method": "embedding",
  "model": "google/gemini-2.0-flash-001",
  "timestamp": "20260416_092603",
  "sbert_available": true,
  "n_samples": 769,
  "n_matched": 347,
  "Hit@1": 0.13914174252275682,
  "Hit@3": 0.2717815344603381,
  "Hit@5": 0.3433029908972692,
  "Hit@10": 0.45123537061118335,
  "Global_MRR": 0.2282179495118377,
  "Filtered_MRR": 0.5057625451717671,
  "tier_exact": 339,
  "tier_alias": 6,
  "tier_jaccard": 2,
  "tier_none": 422,
  "elapsed_seconds": 147.2
}