{
  "timestamp": "20260416_092603",
  "model": "google/gemini-2.0-flash-001",
  "datasets": [
    "veterans_t2e",
    "twitter",
    "e2t_twitter",
    "e2t_veterans"
  ],
  "methods": [
    "llm",
    "embedding",
    "hybrid"
  ],
  "results": {
    "veterans_t2e/llm": {
      "n_samples": 846,
      "n_matched": 430,
      "Hit@1": 0.3557919621749409,
      "Hit@3": 0.508274231678487,
      "Hit@5": 0.508274231678487,
      "Hit@10": 0.508274231678487,
      "Global_MRR": 0.42454688731284473,
      "Filtered_MRR": 0.8352713178294574,
      "tier_exact": 185,
      "tier_alias": 218,
      "tier_jaccard": 27,
      "tier_none": 416,
      "elapsed_seconds": 162.6
    },
    "veterans_t2e/embedding": {
      "n_samples": 846,
      "n_matched": 226,
      "Hit@1": 0.027186761229314422,
      "Hit@3": 0.09929078014184398,
      "Hit@5": 0.15484633569739953,
      "Hit@10": 0.26713947990543735,
      "Global_MRR": 0.08450270178993584,
      "Filtered_MRR": 0.3163242730720607,
      "tier_exact": 178,
      "tier_alias": 35,
      "tier_jaccard": 13,
      "tier_none": 620,
      "elapsed_seconds": 237.0
    },
    "veterans_t2e/hybrid": {
      "n_samples": 846,
      "n_matched": 227,
      "Hit@1": 0.14775413711583923,
      "Hit@3": 0.23522458628841608,
      "Hit@5": 0.2553191489361702,
      "Hit@10": 0.26832151300236406,
      "Global_MRR": 0.19080078051709254,
      "Filtered_MRR": 0.7110901335570938,
      "tier_exact": 178,
      "tier_alias": 36,
      "tier_jaccard": 13,
      "tier_none": 619,
      "elapsed_seconds": 260.8
    },
    "twitter/llm": {
      "n_samples": 856,
      "n_matched": 780,
      "Hit@1": 0.7873831775700935,
      "Hit@3": 0.9112149532710281,
      "Hit@5": 0.9112149532710281,
      "Hit@10": 0.9112149532710281,
      "Global_MRR": 0.8454049844236761,
      "Filtered_MRR": 0.9277777777777777,
      "tier_exact": 595,
      "tier_alias": 89,
      "tier_jaccard": 96,
      "tier_none": 76,
      "elapsed_seconds": 114.4
    },
    "twitter/embedding": {
      "n_samples": 856,
      "n_matched": 532,
      "Hit@1": 0.26401869158878505,
      "Hit@3": 0.4392523364485981,
      "Hit@5": 0.5210280373831776,
      "Hit@10": 0.6214953271028038,
      "Global_MRR": 0.3745665516985611,
      "Filtered_MRR": 0.6026860305525719,
      "tier_exact": 524,
      "tier_alias": 4,
      "tier_jaccard": 4,
      "tier_none": 324,
      "elapsed_seconds": 112.0
    },
    "twitter/hybrid": {
      "n_samples": 856,
      "n_matched": 558,
      "Hit@1": 0.6121495327102804,
      "Hit@3": 0.647196261682243,
      "Hit@5": 0.6507009345794392,
      "Hit@10": 0.6518691588785047,
      "Global_MRR": 0.6302180685358256,
      "Filtered_MRR": 0.9667861409796894,
      "tier_exact": 536,
      "tier_alias": 13,
      "tier_jaccard": 9,
      "tier_none": 298,
      "elapsed_seconds": 141.3
    },
    "e2t_twitter/llm": {
      "n_samples": 769,
      "n_matched": 552,
      "Hit@1": 0.6059817945383615,
      "Hit@3": 0.717815344603381,
      "Hit@5": 0.717815344603381,
      "Hit@10": 0.717815344603381,
      "Global_MRR": 0.6562635457303858,
      "Filtered_MRR": 0.9142512077294686,
      "tier_exact": 415,
      "tier_alias": 83,
      "tier_jaccard": 54,
      "tier_none": 217,
      "elapsed_seconds": 117.1
    },
    "e2t_twitter/embedding": {
      "n_samples": 769,
      "n_matched": 347,
      "Hit@1": 0.13914174252275682,
      "Hit@3": 0.2717815344603381,
      "Hit@5": 0.3433029908972692,
      "Hit@10": 0.45123537061118335,
      "Global_MRR": 0.2282179495118377,
      "Filtered_MRR": 0.5057625451717671,
      "tier_exact": 339,
      "tier_alias": 6,
      "tier_jaccard": 2,
      "tier_none": 422,
      "elapsed_seconds": 147.2
    },
    "e2t_twitter/hybrid": {
      "n_samples": 769,
      "n_matched": 365,
      "Hit@1": 0.4447334200260078,
      "Hit@3": 0.4694408322496749,
      "Hit@5": 0.4720416124837451,
      "Hit@10": 0.47464239271781533,
      "Global_MRR": 0.4573472041612484,
      "Filtered_MRR": 0.9635616438356166,
      "tier_exact": 347,
      "tier_alias": 16,
      "tier_jaccard": 2,
      "tier_none": 404,
      "elapsed_seconds": 177.7
    },
    "e2t_veterans/llm": {
      "n_samples": 1560,
      "n_matched": 703,
      "Hit@1": 0.3121794871794872,
      "Hit@3": 0.45064102564102565,
      "Hit@5": 0.45064102564102565,
      "Hit@10": 0.45064102564102565,
      "Global_MRR": 0.37393162393162394,
      "Filtered_MRR": 0.8297771455666192,
      "tier_exact": 261,
      "tier_alias": 397,
      "tier_jaccard": 45,
      "tier_none": 857,
      "elapsed_seconds": 308.0
    },
    "e2t_veterans/embedding": {
      "n_samples": 1560,
      "n_matched": 458,
      "Hit@1": 0.0641025641025641,
      "Hit@3": 0.15256410256410258,
      "Hit@5": 0.20897435897435898,
      "Hit@10": 0.2935897435897436,
      "Global_MRR": 0.12581959706959706,
      "Filtered_MRR": 0.4285558328134747,
      "tier_exact": 392,
      "tier_alias": 61,
      "tier_jaccard": 5,
      "tier_none": 1102,
      "elapsed_seconds": 399.9
    },
    "e2t_veterans/hybrid": {
      "n_samples": 1560,
      "n_matched": 463,
      "Hit@1": 0.20961538461538462,
      "Hit@3": 0.2775641025641026,
      "Hit@5": 0.29102564102564105,
      "Hit@10": 0.2967948717948718,
      "Global_MRR": 0.2442035510785511,
      "Filtered_MRR": 0.8228024615173644,
      "tier_exact": 393,
      "tier_alias": 65,
      "tier_jaccard": 5,
      "tier_none": 1097,
      "elapsed_seconds": 475.1
    }
  }
}