{
  "timestamp": "20260416_095304",
  "experiment": "ablation_study",
  "model": "google/gemini-2.0-flash-001",
  "datasets": [
    "veterans_t2e"
  ],
  "ablations": [
    "no_type",
    "no_context",
    "no_type_no_ctx"
  ],
  "max_samples": 0,
  "results": {
    "veterans_t2e/no_type": {
      "n_samples": 846,
      "n_matched": 383,
      "Hit@1": 0.3333333333333333,
      "Hit@3": 0.45271867612293143,
      "Hit@5": 0.45271867612293143,
      "Hit@10": 0.45271867612293143,
      "Global_MRR": 0.3861308116627265,
      "Filtered_MRR": 0.8529155787641428,
      "tier_exact": 194,
      "tier_alias": 155,
      "tier_jaccard": 34,
      "tier_none": 463,
      "elapsed_seconds": 165.2,
      "ablation": "no_type"
    },
    "veterans_t2e/no_context": {
      "n_samples": 846,
      "n_matched": 443,
      "Hit@1": 0.3664302600472813,
      "Hit@3": 0.5236406619385343,
      "Hit@5": 0.5236406619385343,
      "Hit@10": 0.5236406619385343,
      "Global_MRR": 0.43636721828211195,
      "Filtered_MRR": 0.8333333333333334,
      "tier_exact": 196,
      "tier_alias": 228,
      "tier_jaccard": 19,
      "tier_none": 403,
      "elapsed_seconds": 101.6,
      "ablation": "no_context"
    },
    "veterans_t2e/no_type_no_ctx": {
      "n_samples": 846,
      "n_matched": 377,
      "Hit@1": 0.3321513002364066,
      "Hit@3": 0.44562647754137114,
      "Hit@5": 0.44562647754137114,
      "Hit@10": 0.44562647754137114,
      "Global_MRR": 0.3833727344365642,
      "Filtered_MRR": 0.8603006189213087,
      "tier_exact": 199,
      "tier_alias": 148,
      "tier_jaccard": 30,
      "tier_none": 469,
      "elapsed_seconds": 97.2,
      "ablation": "no_type_no_ctx"
    }
  }
}