{
  "timestamp": "20260416_095227",
  "experiment": "embedding_model_comparison",
  "llm_model": "google/gemini-2.0-flash-001",
  "datasets": [
    "veterans_t2e"
  ],
  "embedding_models": [
    "all-MiniLM-L6-v2",
    "all-mpnet-base-v2",
    "multi-qa-MiniLM-L6-cos-v1",
    "bge-small-en-v1.5"
  ],
  "max_samples": 0,
  "results": {
    "veterans_t2e/all-MiniLM-L6-v2": {
      "n_samples": 846,
      "n_matched": 226,
      "Hit@1": 0.027186761229314422,
      "Hit@3": 0.09929078014184398,
      "Hit@5": 0.15484633569739953,
      "Hit@10": 0.26713947990543735,
      "Global_MRR": 0.08450270178993584,
      "Filtered_MRR": 0.3163242730720607,
      "tier_exact": 178,
      "tier_alias": 35,
      "tier_jaccard": 13,
      "tier_none": 620,
      "elapsed_seconds": 229.8,
      "embedding_model": "all-MiniLM-L6-v2",
      "embedding_model_full": "sentence-transformers/all-MiniLM-L6-v2",
      "embedding_dim": 384
    },
    "veterans_t2e/all-mpnet-base-v2": {
      "n_samples": 846,
      "n_matched": 243,
      "Hit@1": 0.05555555555555555,
      "Hit@3": 0.12056737588652482,
      "Hit@5": 0.18912529550827423,
      "Hit@10": 0.2872340425531915,
      "Global_MRR": 0.10959276145446357,
      "Filtered_MRR": 0.38154516950813244,
      "tier_exact": 180,
      "tier_alias": 54,
      "tier_jaccard": 9,
      "tier_none": 603,
      "elapsed_seconds": 295.4,
      "embedding_model": "all-mpnet-base-v2",
      "embedding_model_full": "sentence-transformers/all-mpnet-base-v2",
      "embedding_dim": 768
    },
    "veterans_t2e/multi-qa-MiniLM-L6-cos-v1": {
      "n_samples": 846,
      "n_matched": 200,
      "Hit@1": 0.02127659574468085,
      "Hit@3": 0.07210401891252956,
      "Hit@5": 0.1359338061465721,
      "Hit@10": 0.2364066193853428,
      "Global_MRR": 0.07017008142894668,
      "Filtered_MRR": 0.29681944444444447,
      "tier_exact": 159,
      "tier_alias": 35,
      "tier_jaccard": 6,
      "tier_none": 646,
      "elapsed_seconds": 253.9,
      "embedding_model": "multi-qa-MiniLM-L6-cos-v1",
      "embedding_model_full": "sentence-transformers/multi-qa-MiniLM-L6-cos-v1",
      "embedding_dim": 384
    },
    "veterans_t2e/bge-small-en-v1.5": {
      "n_samples": 846,
      "n_matched": 219,
      "Hit@1": 0.026004728132387706,
      "Hit@3": 0.09219858156028368,
      "Hit@5": 0.15130023640661938,
      "Hit@10": 0.25886524822695034,
      "Global_MRR": 0.08094581410184246,
      "Filtered_MRR": 0.312694788722186,
      "tier_exact": 152,
      "tier_alias": 60,
      "tier_jaccard": 7,
      "tier_none": 627,
      "elapsed_seconds": 272.3,
      "embedding_model": "bge-small-en-v1.5",
      "embedding_model_full": "BAAI/bge-small-en-v1.5",
      "embedding_dim": 384
    }
  }
}