epoch,steps,cosine-Accuracy@1,cosine-Accuracy@3,cosine-Accuracy@5,cosine-Accuracy@10,cosine-Precision@1,cosine-Recall@1,cosine-Precision@3,cosine-Recall@3,cosine-Precision@5,cosine-Recall@5,cosine-Precision@10,cosine-Recall@10,cosine-MRR@10,cosine-NDCG@10,cosine-MAP@100
1.0,562,0.2942338072669826,0.48775671406003157,0.5588467614533965,0.6504739336492891,0.2942338072669826,0.2942338072669826,0.16258557135334384,0.48775671406003157,0.1117693522906793,0.5588467614533965,0.0650473933649289,0.6504739336492891,0.4052336442739296,0.4640407804824173,0.41506155335688977
2.0,1124,0.30529225908372826,0.4913112164296998,0.5699052132701422,0.669826224328594,0.30529225908372826,0.30529225908372826,0.1637704054765666,0.4913112164296998,0.11398104265402845,0.5699052132701422,0.06698262243285939,0.669826224328594,0.41830349306652714,0.4784607450062997,0.42755627847214545
3.0,1686,0.3076619273301738,0.49368088467614535,0.5631911532385466,0.6721958925750395,0.3076619273301738,0.3076619273301738,0.16456029489204843,0.49368088467614535,0.11263823064770932,0.5631911532385466,0.06721958925750394,0.6721958925750395,0.4206573321798446,0.4807183177690085,0.4296986502327509
