{
  "dataset": "v3_twitter_e2t",
  "method": "A9_llama3b_zs",
  "model": "meta-llama/llama-3.2-3b-instruct",
  "battery_dir": "E:\\Projects\\ImplicitEntities\\experiments\\results\\final_20260416_142354",
  "n_samples": 736,
  "n_matched": 313,
  "Hit@1": 0.3736413043478261,
  "Hit@3": 0.42527173913043476,
  "Hit@5": 0.42527173913043476,
  "Hit@10": 0.42527173913043476,
  "P@1": 0.3736413043478261,
  "P@3": 0.14175724637681106,
  "P@5": 0.08505434782608744,
  "P@10": 0.04252717391304372,
  "R@1": 0.3736413043478261,
  "R@3": 0.42527173913043476,
  "R@5": 0.42527173913043476,
  "R@10": 0.42527173913043476,
  "nDCG@1": 0.3736413043478261,
  "nDCG@3": 0.40408175759899156,
  "nDCG@5": 0.40408175759899156,
  "nDCG@10": 0.40408175759899156,
  "Global_MRR": 0.3967391304347826,
  "Filtered_MRR": 0.9329073482428115,
  "tier_exact": 44,
  "tier_wikidata_alias": 18,
  "tier_containment": 24,
  "tier_jaccard": 0,
  "tier_synonym": 10,
  "tier_alias": 217,
  "tier_none": 423,
  "elapsed_seconds": 37.8
}