{
  "dataset": "v3_twitter_e2t",
  "method": "A1_gpt4omini_zs",
  "model": "gpt-4o-mini",
  "battery_dir": "E:\\Projects\\ImplicitEntities\\experiments\\results\\final_20260416_142354",
  "n_samples": 736,
  "n_matched": 8,
  "Hit@1": 0.008152173913043478,
  "Hit@3": 0.010869565217391304,
  "Hit@5": 0.010869565217391304,
  "Hit@10": 0.010869565217391304,
  "P@1": 0.008152173913043478,
  "P@3": 0.003623188405797101,
  "P@5": 0.002173913043478261,
  "P@10": 0.0010869565217391304,
  "R@1": 0.008152173913043478,
  "R@3": 0.010869565217391304,
  "R@5": 0.010869565217391304,
  "R@10": 0.010869565217391304,
  "nDCG@1": 0.008152173913043478,
  "nDCG@3": 0.009510869565217392,
  "nDCG@5": 0.009510869565217392,
  "nDCG@10": 0.009510869565217392,
  "Global_MRR": 0.009057971014492752,
  "Filtered_MRR": 0.8333333333333333,
  "tier_exact": 4,
  "tier_wikidata_alias": 0,
  "tier_containment": 0,
  "tier_jaccard": 0,
  "tier_synonym": 4,
  "tier_alias": 0,
  "tier_none": 728
}