{
  "dataset": "v3_twitter_e2t",
  "method": "A2_gpt4omini_fs",
  "model": "gpt-4o-mini",
  "battery_dir": "E:\\Projects\\ImplicitEntities\\experiments\\results\\final_20260416_142354",
  "n_samples": 736,
  "n_matched": 9,
  "Hit@1": 0.005434782608695652,
  "Hit@3": 0.012228260869565218,
  "Hit@5": 0.012228260869565218,
  "Hit@10": 0.012228260869565218,
  "P@1": 0.005434782608695652,
  "P@3": 0.004076086956521739,
  "P@5": 0.0024456521739130432,
  "P@10": 0.0012228260869565216,
  "R@1": 0.005434782608695652,
  "R@3": 0.012228260869565218,
  "R@5": 0.012228260869565218,
  "R@10": 0.012228260869565218,
  "nDCG@1": 0.005434782608695652,
  "nDCG@3": 0.009365202799883659,
  "nDCG@5": 0.009365202799883659,
  "nDCG@10": 0.009365202799883659,
  "Global_MRR": 0.008378623188405796,
  "Filtered_MRR": 0.6851851851851851,
  "tier_exact": 4,
  "tier_wikidata_alias": 0,
  "tier_containment": 0,
  "tier_jaccard": 0,
  "tier_synonym": 5,
  "tier_alias": 0,
  "tier_none": 727
}