{
  "dataset": "v3_twitter_t2e",
  "method": "A1_gpt4omini_zs",
  "model": "gpt-4o-mini",
  "battery_dir": "E:\\Projects\\ImplicitEntities\\experiments\\results\\final_20260416_142354",
  "n_samples": 807,
  "n_matched": 11,
  "Hit@1": 0.006195786864931847,
  "Hit@3": 0.013630731102850062,
  "Hit@5": 0.013630731102850062,
  "Hit@10": 0.013630731102850062,
  "P@1": 0.006195786864931847,
  "P@3": 0.004543577034283354,
  "P@5": 0.002726146220570012,
  "P@10": 0.001363073110285006,
  "R@1": 0.006195786864931847,
  "R@3": 0.013630731102850062,
  "R@5": 0.013630731102850062,
  "R@10": 0.013630731102850062,
  "nDCG@1": 0.006195786864931847,
  "nDCG@3": 0.010562229261816396,
  "nDCG@5": 0.010562229261816396,
  "nDCG@10": 0.010562229261816396,
  "Global_MRR": 0.00950020652622883,
  "Filtered_MRR": 0.6969696969696969,
  "tier_exact": 2,
  "tier_wikidata_alias": 1,
  "tier_containment": 1,
  "tier_jaccard": 0,
  "tier_synonym": 7,
  "tier_alias": 0,
  "tier_none": 796
}