{
  "dataset": "v3_twitter_t2e",
  "method": "A2_gpt4omini_fs",
  "model": "gpt-4o-mini",
  "battery_dir": "E:\\Projects\\ImplicitEntities\\experiments\\results\\final_20260416_142354",
  "n_samples": 807,
  "n_matched": 574,
  "Hit@1": 0.5662949194547707,
  "Hit@3": 0.711276332094176,
  "Hit@5": 0.711276332094176,
  "Hit@10": 0.711276332094176,
  "P@1": 0.5662949194547707,
  "P@3": 0.23709211069805997,
  "P@5": 0.14225526641883654,
  "P@10": 0.07112763320941827,
  "R@1": 0.5662949194547707,
  "R@3": 0.711276332094176,
  "R@5": 0.711276332094176,
  "R@10": 0.711276332094176,
  "nDCG@1": 0.5662949194547707,
  "nDCG@3": 0.649980363068688,
  "nDCG@5": 0.649980363068688,
  "nDCG@10": 0.649980363068688,
  "Global_MRR": 0.6288723667905823,
  "Filtered_MRR": 0.8841463414634146,
  "tier_exact": 393,
  "tier_wikidata_alias": 125,
  "tier_containment": 11,
  "tier_jaccard": 5,
  "tier_synonym": 20,
  "tier_alias": 20,
  "tier_none": 233
}