{
  "dataset": "v3_twitter_t2e",
  "method": "A10_llama3b_fs",
  "model": "meta-llama/llama-3.2-3b-instruct",
  "battery_dir": "E:\\Projects\\ImplicitEntities\\experiments\\results\\final_20260416_142354",
  "n_samples": 807,
  "n_matched": 592,
  "Hit@1": 0.4758364312267658,
  "Hit@3": 0.7273853779429987,
  "Hit@5": 0.7335811648079306,
  "Hit@10": 0.7335811648079306,
  "P@1": 0.4758364312267658,
  "P@3": 0.24246179264766773,
  "P@5": 0.14671623296158753,
  "P@10": 0.07335811648079377,
  "R@1": 0.4758364312267658,
  "R@3": 0.7273853779429987,
  "R@5": 0.7335811648079306,
  "R@10": 0.7335811648079306,
  "nDCG@1": 0.4758364312267658,
  "nDCG@3": 0.6194575872278328,
  "nDCG@5": 0.6221259673893781,
  "nDCG@10": 0.6221259673893781,
  "Global_MRR": 0.5839529120198265,
  "Filtered_MRR": 0.7960304054054054,
  "tier_exact": 243,
  "tier_wikidata_alias": 72,
  "tier_containment": 37,
  "tier_jaccard": 1,
  "tier_synonym": 33,
  "tier_alias": 206,
  "tier_none": 215,
  "elapsed_seconds": 50.8
}