{
  "dataset": "v3_twitter_t2e",
  "method": "A2_gpt4omini_fs",
  "model": "gpt-4o-mini",
  "battery_dir": "E:\\Projects\\ImplicitEntities\\experiments\\results\\final_20260416_142354",
  "n_samples": 807,
  "n_matched": 13,
  "Hit@1": 0.006195786864931847,
  "Hit@3": 0.0161090458488228,
  "Hit@5": 0.0161090458488228,
  "Hit@10": 0.0161090458488228,
  "P@1": 0.006195786864931847,
  "P@3": 0.005369681949607599,
  "P@5": 0.00322180916976456,
  "P@10": 0.00161090458488228,
  "R@1": 0.006195786864931847,
  "R@3": 0.0161090458488228,
  "R@5": 0.0161090458488228,
  "R@10": 0.0161090458488228,
  "nDCG@1": 0.006195786864931847,
  "nDCG@3": 0.012125871773765482,
  "nDCG@5": 0.012125871773765482,
  "nDCG@10": 0.012125871773765482,
  "Global_MRR": 0.010739363899215199,
  "Filtered_MRR": 0.6666666666666666,
  "tier_exact": 2,
  "tier_wikidata_alias": 1,
  "tier_containment": 1,
  "tier_jaccard": 0,
  "tier_synonym": 9,
  "tier_alias": 0,
  "tier_none": 794
}