{
  "dataset": "v3_twitter_t2e",
  "method": "A1_gpt4omini_zs",
  "model": "gpt-4o-mini",
  "battery_dir": "E:\\Projects\\ImplicitEntities\\experiments\\results\\final_20260416_142354",
  "n_samples": 807,
  "n_matched": 536,
  "Hit@1": 0.550185873605948,
  "Hit@3": 0.6641883519206939,
  "Hit@5": 0.6641883519206939,
  "Hit@10": 0.6641883519206939,
  "P@1": 0.550185873605948,
  "P@3": 0.22139611730689884,
  "P@5": 0.13283767038414002,
  "P@10": 0.06641883519207001,
  "R@1": 0.550185873605948,
  "R@3": 0.6641883519206939,
  "R@5": 0.6641883519206939,
  "R@10": 0.6641883519206939,
  "nDCG@1": 0.550185873605948,
  "nDCG@3": 0.6172461520711664,
  "nDCG@5": 0.6172461520711664,
  "nDCG@10": 0.6172461520711664,
  "Global_MRR": 0.6009913258983891,
  "Filtered_MRR": 0.9048507462686567,
  "tier_exact": 346,
  "tier_wikidata_alias": 106,
  "tier_containment": 17,
  "tier_jaccard": 5,
  "tier_synonym": 22,
  "tier_alias": 40,
  "tier_none": 271
}