{
  "dataset": "v3_twitter_e2t",
  "method": "A8_qwen_fs",
  "model": "qwen/qwen-2.5-7b-instruct",
  "battery_dir": "E:\\Projects\\ImplicitEntities\\experiments\\results\\final_20260416_142354",
  "n_samples": 736,
  "n_matched": 141,
  "Hit@1": 0.11277173913043478,
  "Hit@3": 0.19021739130434784,
  "Hit@5": 0.19157608695652173,
  "Hit@10": 0.19157608695652173,
  "P@1": 0.11277173913043478,
  "P@3": 0.06340579710144935,
  "P@5": 0.03831521739130426,
  "P@10": 0.01915760869565213,
  "R@1": 0.11277173913043478,
  "R@3": 0.19021739130434784,
  "R@5": 0.19157608695652173,
  "R@10": 0.19157608695652173,
  "nDCG@1": 0.11277173913043478,
  "nDCG@3": 0.1577208442595121,
  "nDCG@5": 0.15830600262645964,
  "nDCG@10": 0.15830600262645964,
  "Global_MRR": 0.14685235507246377,
  "Filtered_MRR": 0.766548463356974,
  "tier_exact": 80,
  "tier_wikidata_alias": 20,
  "tier_containment": 15,
  "tier_jaccard": 0,
  "tier_synonym": 21,
  "tier_alias": 5,
  "tier_none": 595,
  "elapsed_seconds": 172.5
}