{
  "dataset": "v3_twitter_e2t",
  "method": "A5_gpt4o_zs",
  "model": "gpt-4o",
  "battery_dir": "E:\\Projects\\ImplicitEntities\\experiments\\results\\final_20260416_142354",
  "n_samples": 736,
  "n_matched": 367,
  "Hit@1": 0.4171195652173913,
  "Hit@3": 0.4986413043478261,
  "Hit@5": 0.4986413043478261,
  "Hit@10": 0.4986413043478261,
  "P@1": 0.4171195652173913,
  "P@3": 0.16621376811594113,
  "P@5": 0.0997282608695659,
  "P@10": 0.04986413043478295,
  "R@1": 0.4171195652173913,
  "R@3": 0.4986413043478261,
  "R@5": 0.4986413043478261,
  "R@10": 0.4986413043478261,
  "nDCG@1": 0.4171195652173913,
  "nDCG@3": 0.46570775700698946,
  "nDCG@5": 0.46570775700698946,
  "nDCG@10": 0.46570775700698946,
  "Global_MRR": 0.4542572463768116,
  "Filtered_MRR": 0.910990009082652,
  "tier_exact": 270,
  "tier_wikidata_alias": 67,
  "tier_containment": 12,
  "tier_jaccard": 4,
  "tier_synonym": 6,
  "tier_alias": 8,
  "tier_none": 369
}