{
  "dataset": "v3_twitter_t2e",
  "method": "A9_llama3b_zs",
  "model": "meta-llama/llama-3.2-3b-instruct",
  "battery_dir": "E:\\Projects\\ImplicitEntities\\experiments\\results\\final_20260416_142354",
  "n_samples": 807,
  "n_matched": 508,
  "Hit@1": 0.43742255266418834,
  "Hit@3": 0.6294919454770755,
  "Hit@5": 0.6294919454770755,
  "Hit@10": 0.6294919454770755,
  "P@1": 0.43742255266418834,
  "P@3": 0.20983064849235908,
  "P@5": 0.12589838909541623,
  "P@10": 0.06294919454770811,
  "R@1": 0.43742255266418834,
  "R@3": 0.6294919454770755,
  "R@5": 0.6294919454770755,
  "R@10": 0.6294919454770755,
  "nDCG@1": 0.43742255266418834,
  "nDCG@3": 0.5491947783103246,
  "nDCG@5": 0.5491947783103246,
  "nDCG@10": 0.5491947783103246,
  "Global_MRR": 0.5214787277984304,
  "Filtered_MRR": 0.8284120734908136,
  "tier_exact": 106,
  "tier_wikidata_alias": 51,
  "tier_containment": 54,
  "tier_jaccard": 2,
  "tier_synonym": 29,
  "tier_alias": 266,
  "tier_none": 299,
  "elapsed_seconds": 53.4
}