{
  "dataset": "v3_twitter_t2e",
  "method": "A5_gpt4o_zs",
  "model": "gpt-4o",
  "battery_dir": "E:\\Projects\\ImplicitEntities\\experiments\\results\\final_20260416_142354",
  "n_samples": 807,
  "n_matched": 658,
  "Hit@1": 0.6530359355638166,
  "Hit@3": 0.815365551425031,
  "Hit@5": 0.815365551425031,
  "Hit@10": 0.815365551425031,
  "P@1": 0.6530359355638166,
  "P@3": 0.2717885171416793,
  "P@5": 0.16307311028500754,
  "P@10": 0.08153655514250377,
  "R@1": 0.6530359355638166,
  "R@3": 0.815365551425031,
  "R@5": 0.815365551425031,
  "R@10": 0.815365551425031,
  "nDCG@1": 0.6530359355638166,
  "nDCG@3": 0.7483158470393025,
  "nDCG@5": 0.7483158470393025,
  "nDCG@10": 0.7483158470393025,
  "Global_MRR": 0.7251135894258571,
  "Filtered_MRR": 0.8893110435663628,
  "tier_exact": 490,
  "tier_wikidata_alias": 130,
  "tier_containment": 11,
  "tier_jaccard": 3,
  "tier_synonym": 12,
  "tier_alias": 12,
  "tier_none": 149
}