{
  "dataset": "v3_twitter_t2e",
  "method": "A3_llama_zs",
  "model": "meta-llama/llama-3.1-8b-instruct:floor",
  "battery_dir": "E:\\Projects\\ImplicitEntities\\experiments\\results\\final_20260416_142354",
  "n_samples": 807,
  "n_matched": 549,
  "Hit@1": 0.4349442379182156,
  "Hit@3": 0.667905824039653,
  "Hit@5": 0.6802973977695167,
  "Hit@10": 0.6802973977695167,
  "P@1": 0.4349442379182156,
  "P@3": 0.22263527467988525,
  "P@5": 0.1360594795539046,
  "P@10": 0.0680297397769523,
  "R@1": 0.4349442379182156,
  "R@3": 0.667905824039653,
  "R@5": 0.6802973977695167,
  "R@10": 0.6802973977695167,
  "nDCG@1": 0.4349442379182156,
  "nDCG@3": 0.5713808670251427,
  "nDCG@5": 0.5765547137763416,
  "nDCG@10": 0.5765547137763416,
  "Global_MRR": 0.5409128459314333,
  "Filtered_MRR": 0.7951123254401943,
  "tier_exact": 239,
  "tier_wikidata_alias": 97,
  "tier_containment": 36,
  "tier_jaccard": 10,
  "tier_synonym": 33,
  "tier_alias": 134,
  "tier_none": 258,
  "elapsed_seconds": 70.5
}