{
  "dataset": "v3_twitter_e2t",
  "method": "A6_gpt4o_fs",
  "model": "gpt-4o",
  "battery_dir": "E:\\Projects\\ImplicitEntities\\experiments\\results\\final_20260416_142354",
  "n_samples": 736,
  "n_matched": 544,
  "Hit@1": 0.5896739130434783,
  "Hit@3": 0.7391304347826086,
  "Hit@5": 0.7391304347826086,
  "Hit@10": 0.7391304347826086,
  "P@1": 0.5896739130434783,
  "P@3": 0.24637681159420396,
  "P@5": 0.1478260869565231,
  "P@10": 0.07391304347826155,
  "R@1": 0.5896739130434783,
  "R@3": 0.7391304347826086,
  "R@5": 0.7391304347826086,
  "R@10": 0.7391304347826086,
  "nDCG@1": 0.5896739130434783,
  "nDCG@3": 0.6780999878057103,
  "nDCG@5": 0.6780999878057103,
  "nDCG@10": 0.6780999878057103,
  "Global_MRR": 0.6569293478260869,
  "Filtered_MRR": 0.8887867647058824,
  "tier_exact": 407,
  "tier_wikidata_alias": 99,
  "tier_containment": 17,
  "tier_jaccard": 3,
  "tier_synonym": 9,
  "tier_alias": 9,
  "tier_none": 192
}