{
  "dataset": "v3_twitter_e2t",
  "method": "A3_llama_zs",
  "model": "meta-llama/llama-3.1-8b-instruct:floor",
  "battery_dir": "E:\\Projects\\ImplicitEntities\\experiments\\results\\final_20260416_142354",
  "n_samples": 736,
  "n_matched": 261,
  "Hit@1": 0.26902173913043476,
  "Hit@3": 0.3491847826086957,
  "Hit@5": 0.3546195652173913,
  "Hit@10": 0.3546195652173913,
  "P@1": 0.26902173913043476,
  "P@3": 0.1163949275362317,
  "P@5": 0.07092391304347853,
  "P@10": 0.035461956521739266,
  "R@1": 0.26902173913043476,
  "R@3": 0.3491847826086957,
  "R@5": 0.3546195652173913,
  "R@10": 0.3546195652173913,
  "nDCG@1": 0.26902173913043476,
  "nDCG@3": 0.3163969020331923,
  "nDCG@5": 0.31873753550098255,
  "nDCG@10": 0.31873753550098255,
  "Global_MRR": 0.30638586956521735,
  "Filtered_MRR": 0.8639846743295019,
  "tier_exact": 84,
  "tier_wikidata_alias": 23,
  "tier_containment": 18,
  "tier_jaccard": 1,
  "tier_synonym": 8,
  "tier_alias": 127,
  "tier_none": 475,
  "elapsed_seconds": 60.4
}