{
  "dataset": "v3_twitter_e2t",
  "method": "A7_qwen_zs",
  "model": "qwen/qwen-2.5-7b-instruct",
  "battery_dir": "E:\\Projects\\ImplicitEntities\\experiments\\results\\final_20260416_142354",
  "n_samples": 736,
  "n_matched": 98,
  "Hit@1": 0.08423913043478261,
  "Hit@3": 0.1331521739130435,
  "Hit@5": 0.1331521739130435,
  "Hit@10": 0.1331521739130435,
  "P@1": 0.08423913043478261,
  "P@3": 0.04438405797101443,
  "P@5": 0.026630434782608646,
  "P@10": 0.013315217391304323,
  "R@1": 0.08423913043478261,
  "R@3": 0.1331521739130435,
  "R@5": 0.1331521739130435,
  "R@10": 0.1331521739130435,
  "nDCG@1": 0.08423913043478261,
  "nDCG@3": 0.11243141959918553,
  "nDCG@5": 0.11243141959918553,
  "nDCG@10": 0.11243141959918553,
  "Global_MRR": 0.10529891304347826,
  "Filtered_MRR": 0.7908163265306123,
  "tier_exact": 48,
  "tier_wikidata_alias": 20,
  "tier_containment": 14,
  "tier_jaccard": 0,
  "tier_synonym": 11,
  "tier_alias": 5,
  "tier_none": 638,
  "elapsed_seconds": 173.4
}