{
  "dataset": "v3_twitter_e2t",
  "method": "A1_gpt4omini_zs",
  "model": "gpt-4o-mini",
  "battery_dir": "E:\\Projects\\ImplicitEntities\\experiments\\results\\final_20260416_142354",
  "n_samples": 736,
  "n_matched": 291,
  "Hit@1": 0.3138586956521739,
  "Hit@3": 0.3953804347826087,
  "Hit@5": 0.3953804347826087,
  "Hit@10": 0.3953804347826087,
  "P@1": 0.3138586956521739,
  "P@3": 0.13179347826086915,
  "P@5": 0.07907608695652213,
  "P@10": 0.039538043478261065,
  "R@1": 0.3138586956521739,
  "R@3": 0.3953804347826087,
  "R@5": 0.3953804347826087,
  "R@10": 0.3953804347826087,
  "nDCG@1": 0.3138586956521739,
  "nDCG@3": 0.36315846218944253,
  "nDCG@5": 0.36315846218944253,
  "nDCG@10": 0.36315846218944253,
  "Global_MRR": 0.35190217391304346,
  "Filtered_MRR": 0.8900343642611683,
  "tier_exact": 204,
  "tier_wikidata_alias": 55,
  "tier_containment": 11,
  "tier_jaccard": 2,
  "tier_synonym": 6,
  "tier_alias": 13,
  "tier_none": 445
}