{
  "dataset": "v3_twitter_t2e",
  "method": "A8_qwen_fs",
  "model": "qwen/qwen-2.5-7b-instruct",
  "battery_dir": "E:\\Projects\\ImplicitEntities\\experiments\\results\\final_20260416_142354",
  "n_samples": 807,
  "n_matched": 301,
  "Hit@1": 0.19454770755885997,
  "Hit@3": 0.37298636926889717,
  "Hit@5": 0.37298636926889717,
  "Hit@10": 0.37298636926889717,
  "P@1": 0.19454770755885997,
  "P@3": 0.12432878975629862,
  "P@5": 0.07459727385377982,
  "P@10": 0.03729863692688991,
  "R@1": 0.19454770755885997,
  "R@3": 0.37298636926889717,
  "R@5": 0.37298636926889717,
  "R@10": 0.37298636926889717,
  "nDCG@1": 0.19454770755885997,
  "nDCG@3": 0.2970709291113495,
  "nDCG@5": 0.2970709291113495,
  "nDCG@10": 0.2970709291113495,
  "Global_MRR": 0.27096241222635276,
  "Filtered_MRR": 0.7264673311184939,
  "tier_exact": 132,
  "tier_wikidata_alias": 68,
  "tier_containment": 29,
  "tier_jaccard": 5,
  "tier_synonym": 35,
  "tier_alias": 32,
  "tier_none": 506,
  "elapsed_seconds": 162.1
}