{
  "dataset": "v3_twitter_e2t",
  "method": "A10_llama3b_fs",
  "model": "meta-llama/llama-3.2-3b-instruct",
  "battery_dir": "E:\\Projects\\ImplicitEntities\\experiments\\results\\final_20260416_142354",
  "n_samples": 736,
  "n_matched": 446,
  "Hit@1": 0.4048913043478261,
  "Hit@3": 0.6059782608695652,
  "Hit@5": 0.6059782608695652,
  "Hit@10": 0.6059782608695652,
  "P@1": 0.4048913043478261,
  "P@3": 0.2019927536231882,
  "P@5": 0.12119565217391404,
  "P@10": 0.06059782608695702,
  "R@1": 0.4048913043478261,
  "R@3": 0.6059782608695652,
  "R@5": 0.6059782608695652,
  "R@10": 0.6059782608695652,
  "nDCG@1": 0.4048913043478261,
  "nDCG@3": 0.5228683639266347,
  "nDCG@5": 0.5228683639266347,
  "nDCG@10": 0.5228683639266347,
  "Global_MRR": 0.49411231884057966,
  "Filtered_MRR": 0.8153961136023915,
  "tier_exact": 169,
  "tier_wikidata_alias": 48,
  "tier_containment": 32,
  "tier_jaccard": 0,
  "tier_synonym": 20,
  "tier_alias": 177,
  "tier_none": 290,
  "elapsed_seconds": 52.9
}