{
  "dataset": "v3_twitter_t2e",
  "method": "A6_gpt4o_fs",
  "model": "gpt-4o",
  "battery_dir": "E:\\Projects\\ImplicitEntities\\experiments\\results\\final_20260416_142354",
  "n_samples": 807,
  "n_matched": 712,
  "Hit@1": 0.701363073110285,
  "Hit@3": 0.8822800495662949,
  "Hit@5": 0.8822800495662949,
  "Hit@10": 0.8822800495662949,
  "P@1": 0.701363073110285,
  "P@3": 0.29409334985543456,
  "P@5": 0.17645600991325955,
  "P@10": 0.08822800495662977,
  "R@1": 0.701363073110285,
  "R@3": 0.8822800495662949,
  "R@5": 0.8822800495662949,
  "R@10": 0.8822800495662949,
  "nDCG@1": 0.701363073110285,
  "nDCG@3": 0.8065856351610934,
  "nDCG@5": 0.8065856351610934,
  "nDCG@10": 0.8065856351610934,
  "Global_MRR": 0.7804626187525815,
  "Filtered_MRR": 0.8845973782771536,
  "tier_exact": 531,
  "tier_wikidata_alias": 146,
  "tier_containment": 12,
  "tier_jaccard": 2,
  "tier_synonym": 12,
  "tier_alias": 9,
  "tier_none": 95
}