{
  "dataset": "v3_twitter_t2e",
  "method": "A7_qwen_zs",
  "model": "qwen/qwen-2.5-7b-instruct",
  "battery_dir": "E:\\Projects\\ImplicitEntities\\experiments\\results\\final_20260416_142354",
  "n_samples": 807,
  "n_matched": 259,
  "Hit@1": 0.19454770755885997,
  "Hit@3": 0.32094175960346966,
  "Hit@5": 0.32094175960346966,
  "Hit@10": 0.32094175960346966,
  "P@1": 0.19454770755885997,
  "P@3": 0.1069805865344897,
  "P@5": 0.06418835192069416,
  "P@10": 0.03209417596034708,
  "R@1": 0.19454770755885997,
  "R@3": 0.32094175960346966,
  "R@5": 0.32094175960346966,
  "R@10": 0.32094175960346966,
  "nDCG@1": 0.19454770755885997,
  "nDCG@3": 0.26650583233315783,
  "nDCG@5": 0.26650583233315783,
  "nDCG@10": 0.26650583233315783,
  "Global_MRR": 0.24783147459727387,
  "Filtered_MRR": 0.7722007722007722,
  "tier_exact": 125,
  "tier_wikidata_alias": 51,
  "tier_containment": 29,
  "tier_jaccard": 5,
  "tier_synonym": 28,
  "tier_alias": 21,
  "tier_none": 548,
  "elapsed_seconds": 161.6
}