{
  "dataset": "v3_twitter_e2t",
  "method": "A4_llama_fs",
  "model": "meta-llama/llama-3.1-8b-instruct:floor",
  "battery_dir": "E:\\Projects\\ImplicitEntities\\experiments\\results\\final_20260416_142354",
  "n_samples": 736,
  "n_matched": 490,
  "Hit@1": 0.44429347826086957,
  "Hit@3": 0.6603260869565217,
  "Hit@5": 0.6644021739130435,
  "Hit@10": 0.6657608695652174,
  "P@1": 0.44429347826086957,
  "P@3": 0.22010869565217422,
  "P@5": 0.13288043478260986,
  "P@10": 0.06657608695652231,
  "R@1": 0.44429347826086957,
  "R@3": 0.6603260869565217,
  "R@5": 0.6644021739130435,
  "R@10": 0.6657608695652174,
  "nDCG@1": 0.44429347826086957,
  "nDCG@3": 0.5695654702397172,
  "nDCG@5": 0.5711423159213797,
  "nDCG@10": 0.5716262930777765,
  "Global_MRR": 0.5393115942028985,
  "Filtered_MRR": 0.8100680272108842,
  "tier_exact": 272,
  "tier_wikidata_alias": 85,
  "tier_containment": 18,
  "tier_jaccard": 1,
  "tier_synonym": 26,
  "tier_alias": 88,
  "tier_none": 246,
  "elapsed_seconds": 68.3
}