{
  "dataset": "v3_twitter_t2e",
  "method": "A4_llama_fs",
  "model": "meta-llama/llama-3.1-8b-instruct:floor",
  "battery_dir": "E:\\Projects\\ImplicitEntities\\experiments\\results\\final_20260416_142354",
  "n_samples": 807,
  "n_matched": 660,
  "Hit@1": 0.5885997521685254,
  "Hit@3": 0.8166047087980174,
  "Hit@5": 0.8178438661710037,
  "Hit@10": 0.8178438661710037,
  "P@1": 0.5885997521685254,
  "P@3": 0.27220156959934144,
  "P@5": 0.16356877323420205,
  "P@10": 0.08178438661710102,
  "R@1": 0.5885997521685254,
  "R@3": 0.8166047087980174,
  "R@5": 0.8178438661710037,
  "R@10": 0.8178438661710037,
  "nDCG@1": 0.5885997521685254,
  "nDCG@3": 0.7217468536820721,
  "nDCG@5": 0.7222805297143813,
  "nDCG@10": 0.7222805297143813,
  "Global_MRR": 0.6892812887236679,
  "Filtered_MRR": 0.8428030303030303,
  "tier_exact": 403,
  "tier_wikidata_alias": 126,
  "tier_containment": 29,
  "tier_jaccard": 8,
  "tier_synonym": 25,
  "tier_alias": 69,
  "tier_none": 147,
  "elapsed_seconds": 66.1
}