{
  "dataset": "v3_twitter_e2t",
  "method": "A5_gpt4o_zs",
  "model": "gpt-4o",
  "battery_dir": "E:\\Projects\\ImplicitEntities\\experiments\\results\\final_20260416_142354",
  "n_samples": 736,
  "n_matched": 368,
  "Hit@1": 0.41847826086956524,
  "Hit@3": 0.5,
  "Hit@5": 0.5,
  "Hit@10": 0.5,
  "P@1": 0.41847826086956524,
  "P@3": 0.16666666666666577,
  "P@5": 0.10000000000000069,
  "P@10": 0.05000000000000034,
  "R@1": 0.41847826086956524,
  "R@3": 0.5,
  "R@5": 0.5,
  "R@10": 0.5,
  "nDCG@1": 0.41847826086956524,
  "nDCG@3": 0.46706645265916336,
  "nDCG@5": 0.46706645265916336,
  "nDCG@10": 0.46706645265916336,
  "Global_MRR": 0.4556159420289855,
  "Filtered_MRR": 0.9112318840579711,
  "tier_exact": 270,
  "tier_wikidata_alias": 67,
  "tier_containment": 12,
  "tier_jaccard": 4,
  "tier_synonym": 6,
  "tier_alias": 9,
  "tier_none": 368
}