{
  "dataset": "v3_twitter_e2t",
  "method": "A2_gpt4omini_fs",
  "model": "gpt-4o-mini",
  "battery_dir": "E:\\Projects\\ImplicitEntities\\experiments\\results\\final_20260416_142354",
  "n_samples": 736,
  "n_matched": 385,
  "Hit@1": 0.3953804347826087,
  "Hit@3": 0.5230978260869565,
  "Hit@5": 0.5230978260869565,
  "Hit@10": 0.5230978260869565,
  "P@1": 0.3953804347826087,
  "P@3": 0.1743659420289845,
  "P@5": 0.10461956521739206,
  "P@10": 0.05230978260869603,
  "R@1": 0.3953804347826087,
  "R@3": 0.5230978260869565,
  "R@5": 0.5230978260869565,
  "R@10": 0.5230978260869565,
  "nDCG@1": 0.3953804347826087,
  "nDCG@3": 0.471513794832107,
  "nDCG@5": 0.471513794832107,
  "nDCG@10": 0.471513794832107,
  "Global_MRR": 0.45357789855072467,
  "Filtered_MRR": 0.867099567099567,
  "tier_exact": 276,
  "tier_wikidata_alias": 74,
  "tier_containment": 12,
  "tier_jaccard": 4,
  "tier_synonym": 9,
  "tier_alias": 10,
  "tier_none": 351
}