{
  "dataset": "v3_twitter_e2t",
  "method": "A1_gpt4omini_zs",
  "model": "gpt-4o-mini",
  "battery_dir": "E:\\Projects\\ImplicitEntities\\experiments\\results\\final_20260416_142354",
  "n_samples": 736,
  "n_matched": 290,
  "Hit@1": 0.3125,
  "Hit@3": 0.39402173913043476,
  "Hit@5": 0.39402173913043476,
  "Hit@10": 0.39402173913043476,
  "P@1": 0.3125,
  "P@3": 0.13134057971014454,
  "P@5": 0.07880434782608735,
  "P@10": 0.039402173913043674,
  "R@1": 0.3125,
  "R@3": 0.39402173913043476,
  "R@5": 0.39402173913043476,
  "R@10": 0.39402173913043476,
  "nDCG@1": 0.3125,
  "nDCG@3": 0.3617997665372686,
  "nDCG@5": 0.3617997665372686,
  "nDCG@10": 0.3617997665372686,
  "Global_MRR": 0.35054347826086957,
  "Filtered_MRR": 0.8896551724137931,
  "tier_exact": 204,
  "tier_wikidata_alias": 55,
  "tier_containment": 11,
  "tier_jaccard": 2,
  "tier_synonym": 6,
  "tier_alias": 12,
  "tier_none": 446
}