{
  "dataset": "v3_veterans_e2t",
  "method": "A3_llama_zs",
  "model": "meta-llama/llama-3.1-8b-instruct:floor",
  "battery_dir": "E:\\Projects\\ImplicitEntities\\experiments\\results\\final_20260416_142354",
  "n_samples": 1246,
  "n_matched": 399,
  "Hit@1": 0.17014446227929375,
  "Hit@3": 0.2953451043338684,
  "Hit@5": 0.31781701444622795,
  "Hit@10": 0.3202247191011236,
  "P@1": 0.17014446227929375,
  "P@3": 0.09844836811128893,
  "P@5": 0.06356340288924606,
  "P@10": 0.0320224719101126,
  "R@1": 0.17014446227929375,
  "R@3": 0.2953451043338684,
  "R@5": 0.31781701444622795,
  "R@10": 0.3202247191011236,
  "nDCG@1": 0.17014446227929375,
  "nDCG@3": 0.2431477091521462,
  "nDCG@5": 0.2525092901060029,
  "nDCG@10": 0.2533342333251055,
  "Global_MRR": 0.23074505082932048,
  "Filtered_MRR": 0.7205722639933166,
  "tier_exact": 79,
  "tier_wikidata_alias": 25,
  "tier_containment": 56,
  "tier_jaccard": 3,
  "tier_synonym": 65,
  "tier_alias": 171,
  "tier_none": 847,
  "elapsed_seconds": 126.2
}