{
  "dataset": "v3_veterans_e2t",
  "method": "A2_gpt4omini_fs",
  "model": "gpt-4o-mini",
  "battery_dir": "E:\\Projects\\ImplicitEntities\\experiments\\results\\final_20260416_142354",
  "n_samples": 1246,
  "n_matched": 19,
  "Hit@1": 0.006420545746388443,
  "Hit@3": 0.015248796147672551,
  "Hit@5": 0.015248796147672551,
  "Hit@10": 0.015248796147672551,
  "P@1": 0.006420545746388443,
  "P@3": 0.005082932049224182,
  "P@5": 0.003049759229534511,
  "P@10": 0.0015248796147672556,
  "R@1": 0.006420545746388443,
  "R@3": 0.015248796147672551,
  "R@5": 0.015248796147672551,
  "R@10": 0.015248796147672551,
  "nDCG@1": 0.006420545746388443,
  "nDCG@3": 0.011360071242261066,
  "nDCG@5": 0.011360071242261066,
  "nDCG@10": 0.011360071242261066,
  "Global_MRR": 0.010032102728731942,
  "Filtered_MRR": 0.6578947368421053,
  "tier_exact": 2,
  "tier_wikidata_alias": 0,
  "tier_containment": 2,
  "tier_jaccard": 0,
  "tier_synonym": 15,
  "tier_alias": 0,
  "tier_none": 1227
}