{
  "dataset": "v3_veterans_t2e",
  "method": "A10_llama3b_fs",
  "model": "meta-llama/llama-3.2-3b-instruct",
  "battery_dir": "E:\\Projects\\ImplicitEntities\\experiments\\results\\final_20260416_142354",
  "n_samples": 530,
  "n_matched": 326,
  "Hit@1": 0.4075471698113208,
  "Hit@3": 0.6150943396226415,
  "Hit@5": 0.6150943396226415,
  "Hit@10": 0.6150943396226415,
  "P@1": 0.4075471698113208,
  "P@3": 0.20503144654087962,
  "P@5": 0.12301886792452903,
  "P@10": 0.06150943396226451,
  "R@1": 0.4075471698113208,
  "R@3": 0.6150943396226415,
  "R@5": 0.6150943396226415,
  "R@10": 0.6150943396226415,
  "nDCG@1": 0.4075471698113208,
  "nDCG@3": 0.5271311400539116,
  "nDCG@5": 0.5271311400539116,
  "nDCG@10": 0.5271311400539116,
  "Global_MRR": 0.49685534591194963,
  "Filtered_MRR": 0.8077709611451942,
  "tier_exact": 46,
  "tier_wikidata_alias": 8,
  "tier_containment": 19,
  "tier_jaccard": 0,
  "tier_synonym": 44,
  "tier_alias": 209,
  "tier_none": 204,
  "elapsed_seconds": 39.5
}