{
  "dataset": "v3_veterans_e2t",
  "method": "A2_gpt4omini_fs",
  "model": "gpt-4o-mini",
  "battery_dir": "E:\\Projects\\ImplicitEntities\\experiments\\results\\final_20260416_142354",
  "n_samples": 1246,
  "n_matched": 258,
  "Hit@1": 0.13884430176565007,
  "Hit@3": 0.20706260032102727,
  "Hit@5": 0.20706260032102727,
  "Hit@10": 0.20706260032102727,
  "P@1": 0.13884430176565007,
  "P@3": 0.06902086677367565,
  "P@5": 0.041412520064205614,
  "P@10": 0.020706260032102807,
  "R@1": 0.13884430176565007,
  "R@3": 0.20706260032102727,
  "R@5": 0.20706260032102727,
  "R@10": 0.20706260032102727,
  "nDCG@1": 0.13884430176565007,
  "nDCG@3": 0.17936333464515142,
  "nDCG@5": 0.17936333464515142,
  "nDCG@10": 0.17936333464515142,
  "Global_MRR": 0.16974317817014445,
  "Filtered_MRR": 0.8197674418604651,
  "tier_exact": 128,
  "tier_wikidata_alias": 26,
  "tier_containment": 31,
  "tier_jaccard": 5,
  "tier_synonym": 52,
  "tier_alias": 16,
  "tier_none": 988
}