{
  "dataset": "v3_veterans_t2e",
  "method": "A1_gpt4omini_zs",
  "model": "gpt-4o-mini",
  "battery_dir": "E:\\Projects\\ImplicitEntities\\experiments\\results\\final_20260416_142354",
  "n_samples": 530,
  "n_matched": 111,
  "Hit@1": 0.14339622641509434,
  "Hit@3": 0.20943396226415095,
  "Hit@5": 0.20943396226415095,
  "Hit@10": 0.20943396226415095,
  "P@1": 0.14339622641509434,
  "P@3": 0.06981132075471695,
  "P@5": 0.0418867924528301,
  "P@10": 0.02094339622641505,
  "R@1": 0.14339622641509434,
  "R@3": 0.20943396226415095,
  "R@5": 0.20943396226415095,
  "R@10": 0.20943396226415095,
  "nDCG@1": 0.14339622641509434,
  "nDCG@3": 0.1818499142991925,
  "nDCG@5": 0.1818499142991925,
  "nDCG@10": 0.1818499142991925,
  "Global_MRR": 0.17232704402515725,
  "Filtered_MRR": 0.8228228228228228,
  "tier_exact": 46,
  "tier_wikidata_alias": 14,
  "tier_containment": 8,
  "tier_jaccard": 1,
  "tier_synonym": 34,
  "tier_alias": 8,
  "tier_none": 419
}