{
  "dataset": "v3_veterans_e2t",
  "method": "A6_gpt4o_fs",
  "model": "gpt-4o",
  "battery_dir": "E:\\Projects\\ImplicitEntities\\experiments\\results\\final_20260416_142354",
  "n_samples": 1246,
  "n_matched": 429,
  "Hit@1": 0.22632423756019263,
  "Hit@3": 0.34430176565008025,
  "Hit@5": 0.34430176565008025,
  "Hit@10": 0.34430176565008025,
  "P@1": 0.22632423756019263,
  "P@3": 0.11476725521669316,
  "P@5": 0.0688603531300166,
  "P@10": 0.0344301765650083,
  "R@1": 0.22632423756019263,
  "R@3": 0.34430176565008025,
  "R@5": 0.34430176565008025,
  "R@10": 0.34430176565008025,
  "nDCG@1": 0.22632423756019263,
  "nDCG@3": 0.2959260875687943,
  "nDCG@5": 0.2959260875687943,
  "nDCG@10": 0.2959260875687943,
  "Global_MRR": 0.2791599785981808,
  "Filtered_MRR": 0.8108003108003108,
  "tier_exact": 214,
  "tier_wikidata_alias": 46,
  "tier_containment": 54,
  "tier_jaccard": 7,
  "tier_synonym": 84,
  "tier_alias": 24,
  "tier_none": 817
}