{
  "dataset": "v3_veterans_t2e",
  "method": "A5_gpt4o_zs",
  "model": "gpt-4o",
  "battery_dir": "E:\\Projects\\ImplicitEntities\\experiments\\results\\final_20260416_142354",
  "n_samples": 530,
  "n_matched": 187,
  "Hit@1": 0.2849056603773585,
  "Hit@3": 0.35283018867924526,
  "Hit@5": 0.35283018867924526,
  "Hit@10": 0.35283018867924526,
  "P@1": 0.2849056603773585,
  "P@3": 0.11761006289308207,
  "P@5": 0.07056603773584905,
  "P@10": 0.03528301886792452,
  "R@1": 0.2849056603773585,
  "R@3": 0.35283018867924526,
  "R@5": 0.35283018867924526,
  "R@10": 0.35283018867924526,
  "nDCG@1": 0.2849056603773585,
  "nDCG@3": 0.3240557072169821,
  "nDCG@5": 0.3240557072169821,
  "nDCG@10": 0.3240557072169821,
  "Global_MRR": 0.3141509433962264,
  "Filtered_MRR": 0.8903743315508021,
  "tier_exact": 105,
  "tier_wikidata_alias": 26,
  "tier_containment": 20,
  "tier_jaccard": 5,
  "tier_synonym": 26,
  "tier_alias": 5,
  "tier_none": 343
}