{
  "dataset": "v3_veterans_e2t",
  "method": "A7_qwen_zs",
  "model": "qwen/qwen-2.5-7b-instruct",
  "battery_dir": "E:\\Projects\\ImplicitEntities\\experiments\\results\\final_20260416_142354",
  "n_samples": 1246,
  "n_matched": 158,
  "Hit@1": 0.06340288924558588,
  "Hit@3": 0.12680577849117175,
  "Hit@5": 0.12680577849117175,
  "Hit@10": 0.12680577849117175,
  "P@1": 0.06340288924558588,
  "P@3": 0.04226859283039066,
  "P@5": 0.025361155698234286,
  "P@10": 0.012680577849117143,
  "R@1": 0.06340288924558588,
  "R@3": 0.12680577849117175,
  "R@5": 0.12680577849117175,
  "R@10": 0.12680577849117175,
  "nDCG@1": 0.06340288924558588,
  "nDCG@3": 0.09993801658449991,
  "nDCG@5": 0.09993801658449991,
  "nDCG@10": 0.09993801658449991,
  "Global_MRR": 0.09069020866773675,
  "Filtered_MRR": 0.7151898734177214,
  "tier_exact": 40,
  "tier_wikidata_alias": 16,
  "tier_containment": 32,
  "tier_jaccard": 0,
  "tier_synonym": 59,
  "tier_alias": 11,
  "tier_none": 1088,
  "elapsed_seconds": 318.6
}