{
  "dataset": "v3_veterans_e2t",
  "method": "A1_gpt4omini_zs",
  "model": "gpt-4o-mini",
  "battery_dir": "E:\\Projects\\ImplicitEntities\\experiments\\results\\final_20260416_142354",
  "n_samples": 1246,
  "n_matched": 18,
  "Hit@1": 0.006420545746388443,
  "Hit@3": 0.014446227929373997,
  "Hit@5": 0.014446227929373997,
  "Hit@10": 0.014446227929373997,
  "P@1": 0.006420545746388443,
  "P@3": 0.004815409309791331,
  "P@5": 0.0028892455858748,
  "P@10": 0.0014446227929374,
  "R@1": 0.006420545746388443,
  "R@3": 0.014446227929373997,
  "R@5": 0.014446227929373997,
  "R@10": 0.014446227929373997,
  "nDCG@1": 0.006420545746388443,
  "nDCG@3": 0.010853707074065674,
  "nDCG@5": 0.010853707074065674,
  "nDCG@10": 0.010853707074065674,
  "Global_MRR": 0.009630818619582664,
  "Filtered_MRR": 0.6666666666666666,
  "tier_exact": 1,
  "tier_wikidata_alias": 0,
  "tier_containment": 2,
  "tier_jaccard": 0,
  "tier_synonym": 15,
  "tier_alias": 0,
  "tier_none": 1228
}