{
  "dataset": "v3_veterans_e2t",
  "method": "A8_qwen_fs",
  "model": "qwen/qwen-2.5-7b-instruct",
  "battery_dir": "E:\\Projects\\ImplicitEntities\\experiments\\results\\final_20260416_142354",
  "n_samples": 1246,
  "n_matched": 178,
  "Hit@1": 0.07463884430176565,
  "Hit@3": 0.14285714285714285,
  "Hit@5": 0.14285714285714285,
  "Hit@10": 0.14285714285714285,
  "P@1": 0.07463884430176565,
  "P@3": 0.047619047619047734,
  "P@5": 0.028571428571428543,
  "P@10": 0.014285714285714271,
  "R@1": 0.07463884430176565,
  "R@3": 0.14285714285714285,
  "R@5": 0.14285714285714285,
  "R@10": 0.14285714285714285,
  "nDCG@1": 0.07463884430176565,
  "nDCG@3": 0.11379183641366758,
  "nDCG@5": 0.11379183641366758,
  "nDCG@10": 0.11379183641366758,
  "Global_MRR": 0.10379882289994648,
  "Filtered_MRR": 0.7265917602996254,
  "tier_exact": 71,
  "tier_wikidata_alias": 20,
  "tier_containment": 30,
  "tier_jaccard": 1,
  "tier_synonym": 49,
  "tier_alias": 7,
  "tier_none": 1068,
  "elapsed_seconds": 311.1
}