{
  "dataset": "v3_veterans_e2t",
  "method": "A9_llama3b_zs",
  "model": "meta-llama/llama-3.2-3b-instruct",
  "battery_dir": "E:\\Projects\\ImplicitEntities\\experiments\\results\\final_20260416_142354",
  "n_samples": 1246,
  "n_matched": 583,
  "Hit@1": 0.4245585874799358,
  "Hit@3": 0.4678972712680578,
  "Hit@5": 0.4678972712680578,
  "Hit@10": 0.4678972712680578,
  "P@1": 0.4245585874799358,
  "P@3": 0.1559657570893535,
  "P@5": 0.09357945425361246,
  "P@10": 0.04678972712680623,
  "R@1": 0.4245585874799358,
  "R@3": 0.4678972712680578,
  "R@5": 0.4678972712680578,
  "R@10": 0.4678972712680578,
  "nDCG@1": 0.4245585874799358,
  "nDCG@3": 0.45011589155870313,
  "nDCG@5": 0.45011589155870313,
  "nDCG@10": 0.45011589155870313,
  "Global_MRR": 0.4439539860888176,
  "Filtered_MRR": 0.9488279016580903,
  "tier_exact": 40,
  "tier_wikidata_alias": 4,
  "tier_containment": 23,
  "tier_jaccard": 0,
  "tier_synonym": 45,
  "tier_alias": 471,
  "tier_none": 663,
  "elapsed_seconds": 70.8
}