{
  "dataset": "v3_veterans_t2e",
  "method": "A8_qwen_fs",
  "model": "qwen/qwen-2.5-7b-instruct",
  "battery_dir": "E:\\Projects\\ImplicitEntities\\experiments\\results\\final_20260416_142354",
  "n_samples": 530,
  "n_matched": 128,
  "Hit@1": 0.09811320754716982,
  "Hit@3": 0.24150943396226415,
  "Hit@5": 0.24150943396226415,
  "Hit@10": 0.24150943396226415,
  "P@1": 0.09811320754716982,
  "P@3": 0.0805031446540881,
  "P@5": 0.04830188679245272,
  "P@10": 0.02415094339622636,
  "R@1": 0.09811320754716982,
  "R@3": 0.24150943396226415,
  "R@5": 0.24150943396226415,
  "R@10": 0.24150943396226415,
  "nDCG@1": 0.09811320754716982,
  "nDCG@3": 0.17722243888140313,
  "nDCG@5": 0.17722243888140313,
  "nDCG@10": 0.17722243888140313,
  "Global_MRR": 0.15534591194968553,
  "Filtered_MRR": 0.6432291666666666,
  "tier_exact": 51,
  "tier_wikidata_alias": 11,
  "tier_containment": 16,
  "tier_jaccard": 1,
  "tier_synonym": 47,
  "tier_alias": 2,
  "tier_none": 402,
  "elapsed_seconds": 124.7
}