{
  "dataset": "v3_veterans_t2e",
  "method": "A7_qwen_zs",
  "model": "qwen/qwen-2.5-7b-instruct",
  "battery_dir": "E:\\Projects\\ImplicitEntities\\experiments\\results\\final_20260416_142354",
  "n_samples": 530,
  "n_matched": 82,
  "Hit@1": 0.0830188679245283,
  "Hit@3": 0.15471698113207547,
  "Hit@5": 0.15471698113207547,
  "Hit@10": 0.15471698113207547,
  "P@1": 0.0830188679245283,
  "P@3": 0.051572327044025104,
  "P@5": 0.030943396226415044,
  "P@10": 0.015471698113207522,
  "R@1": 0.0830188679245283,
  "R@3": 0.15471698113207547,
  "R@5": 0.15471698113207547,
  "R@10": 0.15471698113207547,
  "nDCG@1": 0.0830188679245283,
  "nDCG@3": 0.12380866994609274,
  "nDCG@5": 0.12380866994609274,
  "nDCG@10": 0.12380866994609274,
  "Global_MRR": 0.11320754716981132,
  "Filtered_MRR": 0.7317073170731707,
  "tier_exact": 31,
  "tier_wikidata_alias": 4,
  "tier_containment": 13,
  "tier_jaccard": 0,
  "tier_synonym": 32,
  "tier_alias": 2,
  "tier_none": 448,
  "elapsed_seconds": 139.6
}