{
  "dataset": "v3_veterans_t2e",
  "method": "A2_gpt4omini_fs",
  "model": "gpt-4o-mini",
  "battery_dir": "E:\\Projects\\ImplicitEntities\\experiments\\results\\final_20260416_142354",
  "n_samples": 530,
  "n_matched": 172,
  "Hit@1": 0.2169811320754717,
  "Hit@3": 0.32452830188679244,
  "Hit@5": 0.32452830188679244,
  "Hit@10": 0.32452830188679244,
  "P@1": 0.2169811320754717,
  "P@3": 0.10817610062893106,
  "P@5": 0.0649056603773584,
  "P@10": 0.0324528301886792,
  "R@1": 0.2169811320754717,
  "R@3": 0.32452830188679244,
  "R@5": 0.32452830188679244,
  "R@10": 0.32452830188679244,
  "nDCG@1": 0.2169811320754717,
  "nDCG@3": 0.2794010214622658,
  "nDCG@5": 0.2794010214622658,
  "nDCG@10": 0.2794010214622658,
  "Global_MRR": 0.2638364779874213,
  "Filtered_MRR": 0.8129844961240309,
  "tier_exact": 94,
  "tier_wikidata_alias": 19,
  "tier_containment": 20,
  "tier_jaccard": 1,
  "tier_synonym": 33,
  "tier_alias": 5,
  "tier_none": 358
}