{
  "dataset": "v3_veterans_t2e",
  "method": "A3_llama_zs",
  "model": "meta-llama/llama-3.1-8b-instruct:floor",
  "battery_dir": "E:\\Projects\\ImplicitEntities\\experiments\\results\\final_20260416_142354",
  "n_samples": 530,
  "n_matched": 256,
  "Hit@1": 0.20754716981132076,
  "Hit@3": 0.4490566037735849,
  "Hit@5": 0.47547169811320755,
  "Hit@10": 0.4830188679245283,
  "P@1": 0.20754716981132076,
  "P@3": 0.14968553459119488,
  "P@5": 0.09509433962264184,
  "P@10": 0.04830188679245301,
  "R@1": 0.20754716981132076,
  "R@3": 0.4490566037735849,
  "R@5": 0.47547169811320755,
  "R@10": 0.4830188679245283,
  "nDCG@1": 0.20754716981132076,
  "nDCG@3": 0.34510042121294116,
  "nDCG@5": 0.3558152925456143,
  "nDCG@10": 0.3582071230608541,
  "Global_MRR": 0.31624438454627135,
  "Filtered_MRR": 0.6547247023809524,
  "tier_exact": 61,
  "tier_wikidata_alias": 12,
  "tier_containment": 20,
  "tier_jaccard": 2,
  "tier_synonym": 47,
  "tier_alias": 114,
  "tier_none": 274,
  "elapsed_seconds": 66.1
}