{
  "dataset": "v3_veterans_e2t",
  "method": "A10_llama3b_fs",
  "model": "meta-llama/llama-3.2-3b-instruct",
  "battery_dir": "E:\\Projects\\ImplicitEntities\\experiments\\results\\final_20260416_142354",
  "n_samples": 1246,
  "n_matched": 759,
  "Hit@1": 0.449438202247191,
  "Hit@3": 0.6091492776886035,
  "Hit@5": 0.6091492776886035,
  "Hit@10": 0.6091492776886035,
  "P@1": 0.449438202247191,
  "P@3": 0.20304975922953677,
  "P@5": 0.12182985553772065,
  "P@10": 0.06091492776886032,
  "R@1": 0.449438202247191,
  "R@3": 0.6091492776886035,
  "R@5": 0.6091492776886035,
  "R@10": 0.6091492776886035,
  "nDCG@1": 0.449438202247191,
  "nDCG@3": 0.5421135071715231,
  "nDCG@5": 0.5421135071715231,
  "nDCG@10": 0.5421135071715231,
  "Global_MRR": 0.5189941144997324,
  "Filtered_MRR": 0.8519982433025912,
  "tier_exact": 97,
  "tier_wikidata_alias": 36,
  "tier_containment": 61,
  "tier_jaccard": 3,
  "tier_synonym": 98,
  "tier_alias": 464,
  "tier_none": 487,
  "elapsed_seconds": 84.3
}