{
  "dataset": "v3_veterans_e2t",
  "method": "A5_gpt4o_zs",
  "model": "gpt-4o",
  "battery_dir": "E:\\Projects\\ImplicitEntities\\experiments\\results\\final_20260416_142354",
  "n_samples": 1246,
  "n_matched": 270,
  "Hit@1": 0.15730337078651685,
  "Hit@3": 0.21669341894060995,
  "Hit@5": 0.21669341894060995,
  "Hit@10": 0.21669341894060995,
  "P@1": 0.15730337078651685,
  "P@3": 0.07223113964686982,
  "P@5": 0.043338683788122175,
  "P@10": 0.021669341894061087,
  "R@1": 0.15730337078651685,
  "R@3": 0.21669341894060995,
  "R@5": 0.21669341894060995,
  "R@10": 0.21669341894060995,
  "nDCG@1": 0.15730337078651685,
  "nDCG@3": 0.19277779811109944,
  "nDCG@5": 0.19277779811109944,
  "nDCG@10": 0.19277779811109944,
  "Global_MRR": 0.1844569288389513,
  "Filtered_MRR": 0.8512345679012345,
  "tier_exact": 154,
  "tier_wikidata_alias": 30,
  "tier_containment": 33,
  "tier_jaccard": 6,
  "tier_synonym": 32,
  "tier_alias": 15,
  "tier_none": 976
}