{
  "dataset": "v3_veterans_t2e",
  "method": "A1_gpt4omini_zs",
  "model": "gpt-4o-mini",
  "battery_dir": "E:\\Projects\\ImplicitEntities\\experiments\\results\\final_20260416_142354",
  "n_samples": 530,
  "n_matched": 15,
  "Hit@1": 0.009433962264150943,
  "Hit@3": 0.02830188679245283,
  "Hit@5": 0.02830188679245283,
  "Hit@10": 0.02830188679245283,
  "P@1": 0.009433962264150943,
  "P@3": 0.009433962264150941,
  "P@5": 0.0056603773584905665,
  "P@10": 0.0028301886792452833,
  "R@1": 0.009433962264150943,
  "R@3": 0.02830188679245283,
  "R@5": 0.02830188679245283,
  "R@10": 0.02830188679245283,
  "nDCG@1": 0.009433962264150943,
  "nDCG@3": 0.020103110882749603,
  "nDCG@5": 0.020103110882749603,
  "nDCG@10": 0.020103110882749603,
  "Global_MRR": 0.01729559748427673,
  "Filtered_MRR": 0.611111111111111,
  "tier_exact": 2,
  "tier_wikidata_alias": 1,
  "tier_containment": 0,
  "tier_jaccard": 1,
  "tier_synonym": 11,
  "tier_alias": 0,
  "tier_none": 515
}