{
  "dataset": "v3_veterans_t2e",
  "method": "A6_gpt4o_fs",
  "model": "gpt-4o",
  "battery_dir": "E:\\Projects\\ImplicitEntities\\experiments\\results\\final_20260416_142354",
  "n_samples": 530,
  "n_matched": 266,
  "Hit@1": 0.37358490566037733,
  "Hit@3": 0.5018867924528302,
  "Hit@5": 0.5018867924528302,
  "Hit@10": 0.5018867924528302,
  "P@1": 0.37358490566037733,
  "P@3": 0.1672955974842764,
  "P@5": 0.10037735849056645,
  "P@10": 0.050188679245283224,
  "R@1": 0.37358490566037733,
  "R@3": 0.5018867924528302,
  "R@5": 0.5018867924528302,
  "R@10": 0.5018867924528302,
  "nDCG@1": 0.37358490566037733,
  "nDCG@3": 0.44959363805930136,
  "nDCG@5": 0.44959363805930136,
  "nDCG@10": 0.44959363805930136,
  "Global_MRR": 0.4314465408805031,
  "Filtered_MRR": 0.8596491228070176,
  "tier_exact": 149,
  "tier_wikidata_alias": 35,
  "tier_containment": 44,
  "tier_jaccard": 4,
  "tier_synonym": 25,
  "tier_alias": 9,
  "tier_none": 264
}