{
  "dataset": "v3_veterans_t2e",
  "method": "A9_llama3b_zs",
  "model": "meta-llama/llama-3.2-3b-instruct",
  "battery_dir": "E:\\Projects\\ImplicitEntities\\experiments\\results\\final_20260416_142354",
  "n_samples": 530,
  "n_matched": 308,
  "Hit@1": 0.4358490566037736,
  "Hit@3": 0.5811320754716981,
  "Hit@5": 0.5811320754716981,
  "Hit@10": 0.5811320754716981,
  "P@1": 0.4358490566037736,
  "P@3": 0.19371069182389866,
  "P@5": 0.11622641509434026,
  "P@10": 0.05811320754717013,
  "R@1": 0.4358490566037736,
  "R@3": 0.5811320754716981,
  "R@5": 0.5811320754716981,
  "R@10": 0.5811320754716981,
  "nDCG@1": 0.4358490566037736,
  "nDCG@3": 0.5213365041239916,
  "nDCG@5": 0.5213365041239916,
  "nDCG@10": 0.5213365041239916,
  "Global_MRR": 0.5006289308176101,
  "Filtered_MRR": 0.8614718614718614,
  "tier_exact": 28,
  "tier_wikidata_alias": 8,
  "tier_containment": 17,
  "tier_jaccard": 0,
  "tier_synonym": 30,
  "tier_alias": 225,
  "tier_none": 222,
  "elapsed_seconds": 35.6
}