{
  "dataset": "v3_veterans_t2e",
  "method": "A4_llama_fs",
  "model": "meta-llama/llama-3.1-8b-instruct:floor",
  "battery_dir": "E:\\Projects\\ImplicitEntities\\experiments\\results\\final_20260416_142354",
  "n_samples": 530,
  "n_matched": 327,
  "Hit@1": 0.3584905660377358,
  "Hit@3": 0.6094339622641509,
  "Hit@5": 0.6113207547169811,
  "Hit@10": 0.6169811320754717,
  "P@1": 0.3584905660377358,
  "P@3": 0.20314465408804946,
  "P@5": 0.12226415094339695,
  "P@10": 0.06169811320754754,
  "R@1": 0.3584905660377358,
  "R@3": 0.6094339622641509,
  "R@5": 0.6113207547169811,
  "R@10": 0.6169811320754717,
  "nDCG@1": 0.3584905660377358,
  "nDCG@3": 0.5044663576347749,
  "nDCG@5": 0.5051962685918212,
  "nDCG@10": 0.5070043198718891,
  "Global_MRR": 0.46935010482180295,
  "Filtered_MRR": 0.7607203533809037,
  "tier_exact": 106,
  "tier_wikidata_alias": 22,
  "tier_containment": 40,
  "tier_jaccard": 2,
  "tier_synonym": 53,
  "tier_alias": 104,
  "tier_none": 203,
  "elapsed_seconds": 72.3
}