{
  "dataset": "v3_veterans_e2t",
  "method": "A1_gpt4omini_zs",
  "model": "gpt-4o-mini",
  "battery_dir": "E:\\Projects\\ImplicitEntities\\experiments\\results\\final_20260416_142354",
  "n_samples": 1246,
  "n_matched": 211,
  "Hit@1": 0.11476725521669343,
  "Hit@3": 0.16934189406099517,
  "Hit@5": 0.16934189406099517,
  "Hit@10": 0.16934189406099517,
  "P@1": 0.11476725521669343,
  "P@3": 0.05644729802033179,
  "P@5": 0.03386837881219908,
  "P@10": 0.01693418940609954,
  "R@1": 0.11476725521669343,
  "R@3": 0.16934189406099517,
  "R@5": 0.16934189406099517,
  "R@10": 0.16934189406099517,
  "nDCG@1": 0.11476725521669343,
  "nDCG@3": 0.1472034975321037,
  "nDCG@5": 0.1472034975321037,
  "nDCG@10": 0.1472034975321037,
  "Global_MRR": 0.1395131086142322,
  "Filtered_MRR": 0.8238546603475513,
  "tier_exact": 87,
  "tier_wikidata_alias": 24,
  "tier_containment": 36,
  "tier_jaccard": 0,
  "tier_synonym": 41,
  "tier_alias": 23,
  "tier_none": 1035
}