{
  "dataset": "v3_veterans_e2t",
  "method": "A4_llama_fs",
  "model": "meta-llama/llama-3.1-8b-instruct:floor",
  "battery_dir": "E:\\Projects\\ImplicitEntities\\experiments\\results\\final_20260416_142354",
  "n_samples": 1246,
  "n_matched": 724,
  "Hit@1": 0.35313001605136435,
  "Hit@3": 0.57223113964687,
  "Hit@5": 0.5810593900481541,
  "Hit@10": 0.5810593900481541,
  "P@1": 0.35313001605136435,
  "P@3": 0.19074371321562525,
  "P@5": 0.11621187800963108,
  "P@10": 0.05810593900481554,
  "R@1": 0.35313001605136435,
  "R@3": 0.57223113964687,
  "R@5": 0.5810593900481541,
  "R@10": 0.5810593900481541,
  "nDCG@1": 0.35313001605136435,
  "nDCG@3": 0.4795984673555419,
  "nDCG@5": 0.48329507320328735,
  "nDCG@10": 0.48329507320328735,
  "Global_MRR": 0.44978598180845375,
  "Filtered_MRR": 0.7740791896869246,
  "tier_exact": 206,
  "tier_wikidata_alias": 40,
  "tier_containment": 102,
  "tier_jaccard": 5,
  "tier_synonym": 152,
  "tier_alias": 219,
  "tier_none": 522,
  "elapsed_seconds": 160.7
}