{
  "dataset": "v3_veterans_e2t",
  "method": "A1_gpt4omini_zs",
  "model": "gpt-4o-mini",
  "battery_dir": "E:\\Projects\\ImplicitEntities\\experiments\\results\\final_20260416_142354",
  "n_samples": 1246,
  "n_matched": 212,
  "Hit@1": 0.11476725521669343,
  "Hit@3": 0.17014446227929375,
  "Hit@5": 0.17014446227929375,
  "Hit@10": 0.17014446227929375,
  "P@1": 0.11476725521669343,
  "P@3": 0.05671482075976464,
  "P@5": 0.0340288924558588,
  "P@10": 0.0170144462279294,
  "R@1": 0.11476725521669343,
  "R@3": 0.17014446227929375,
  "R@5": 0.17014446227929375,
  "R@10": 0.17014446227929375,
  "nDCG@1": 0.11476725521669343,
  "nDCG@3": 0.1477098617002991,
  "nDCG@5": 0.1477098617002991,
  "nDCG@10": 0.1477098617002991,
  "Global_MRR": 0.13991439272338146,
  "Filtered_MRR": 0.8223270440251573,
  "tier_exact": 87,
  "tier_wikidata_alias": 24,
  "tier_containment": 36,
  "tier_jaccard": 0,
  "tier_synonym": 41,
  "tier_alias": 24,
  "tier_none": 1034
}