{
  "dataset": "bench_twitter_e2t",
  "method": "llm",
  "model": "google/gemini-2.0-flash-001:floor",
  "battery_dir": "E:\\Projects\\ImplicitEntities\\experiments\\results\\battery_20260416_114734",
  "n_samples": 769,
  "n_matched": 498,
  "Hit@1": 0.5188556566970091,
  "Hit@3": 0.647594278283485,
  "Hit@5": 0.647594278283485,
  "Hit@10": 0.647594278283485,
  "Global_MRR": 0.5762895535327265,
  "Filtered_MRR": 0.889892904953146,
  "tier_exact": 371,
  "tier_alias": 78,
  "tier_jaccard": 49,
  "tier_none": 271,
  "elapsed_seconds": 130.6
}