{
  "dataset": "bench_twitter_t2e",
  "method": "llm",
  "model": "meta-llama/llama-3.1-8b-instruct:floor",
  "battery_dir": "E:\\Projects\\ImplicitEntities\\experiments\\results\\battery_20260416_114734",
  "n_samples": 851,
  "n_matched": 704,
  "Hit@1": 0.6521739130434783,
  "Hit@3": 0.827262044653349,
  "Hit@5": 0.827262044653349,
  "Hit@10": 0.827262044653349,
  "Global_MRR": 0.7312965139052096,
  "Filtered_MRR": 0.8839962121212122,
  "tier_exact": 453,
  "tier_alias": 138,
  "tier_jaccard": 113,
  "tier_none": 147,
  "elapsed_seconds": 213.6
}