{
  "dataset": "bench_veterans_e2t",
  "method": "llm_batch",
  "model": "gpt-4o-mini",
  "battery_dir": "E:\\Projects\\ImplicitEntities\\experiments\\results\\battery_20260416_114734",
  "n_samples": 1447,
  "n_matched": 491,
  "Hit@1": 0.2121630960608155,
  "Hit@3": 0.33932273669661367,
  "Hit@5": 0.33932273669661367,
  "Hit@10": 0.33932273669661367,
  "Global_MRR": 0.26883206634416035,
  "Filtered_MRR": 0.7922606924643585,
  "tier_exact": 277,
  "tier_alias": 184,
  "tier_jaccard": 30,
  "tier_none": 956
}