{
  "dataset": "bench_veterans_e2t",
  "method": "llm",
  "model": "meta-llama/llama-3.1-8b-instruct:floor",
  "battery_dir": "E:\\Projects\\ImplicitEntities\\experiments\\results\\battery_20260416_114734",
  "n_samples": 1447,
  "n_matched": 663,
  "Hit@1": 0.31237042156185213,
  "Hit@3": 0.4581893572909468,
  "Hit@5": 0.4581893572909468,
  "Hit@10": 0.4581893572909468,
  "Global_MRR": 0.3762957843814789,
  "Filtered_MRR": 0.8212669683257918,
  "tier_exact": 196,
  "tier_alias": 436,
  "tier_jaccard": 31,
  "tier_none": 784,
  "elapsed_seconds": 501.2
}