{
  "dataset": "bench_twitter_t2e",
  "method": "llm_batch",
  "model": "gpt-4o-mini",
  "battery_dir": "E:\\Projects\\ImplicitEntities\\experiments\\results\\battery_20260416_114734",
  "n_samples": 851,
  "n_matched": 754,
  "Hit@1": 0.7062279670975323,
  "Hit@3": 0.8860164512338425,
  "Hit@5": 0.8860164512338425,
  "Hit@10": 0.8860164512338425,
  "Global_MRR": 0.7861339600470035,
  "Filtered_MRR": 0.8872679045092838,
  "tier_exact": 549,
  "tier_alias": 106,
  "tier_jaccard": 99,
  "tier_none": 97
}