{
  "dataset": "bench_twitter_t2e",
  "method": "hybrid",
  "model": "google/gemini-2.0-flash-001:floor",
  "battery_dir": "E:\\Projects\\ImplicitEntities\\experiments\\results\\battery_20260416_114734",
  "n_samples": 851,
  "n_matched": 558,
  "Hit@1": 0.5934195064629847,
  "Hit@3": 0.6498237367802585,
  "Hit@5": 0.6533490011750881,
  "Hit@10": 0.6556991774383079,
  "Global_MRR": 0.6217783000391696,
  "Filtered_MRR": 0.9482676224611708,
  "tier_exact": 536,
  "tier_alias": 15,
  "tier_jaccard": 7,
  "tier_none": 293,
  "elapsed_seconds": 157.2
}