{
  "dataset": "bench_twitter_t2e",
  "method": "llm_batch",
  "model": "gpt-3.5-turbo",
  "battery_dir": "E:\\Projects\\ImplicitEntities\\experiments\\results\\battery_20260416_114734",
  "n_samples": 851,
  "n_matched": 736,
  "Hit@1": 0.6897767332549941,
  "Hit@3": 0.8648648648648649,
  "Hit@5": 0.8648648648648649,
  "Hit@10": 0.8648648648648649,
  "Global_MRR": 0.771249510379945,
  "Filtered_MRR": 0.8917572463768115,
  "tier_exact": 429,
  "tier_alias": 234,
  "tier_jaccard": 73,
  "tier_none": 115
}