{
  "dataset": "bench_twitter_t2e",
  "method": "closedset",
  "model": "google/gemini-2.0-flash-001:floor",
  "battery_dir": "E:\\Projects\\ImplicitEntities\\experiments\\results\\battery_20260416_114734",
  "n_samples": 851,
  "n_matched": 807,
  "Hit@1": 0.745005875440658,
  "Hit@3": 0.9482961222091657,
  "Hit@5": 0.9482961222091657,
  "Hit@10": 0.9482961222091657,
  "Global_MRR": 0.8415589502546024,
  "Filtered_MRR": 0.8874432052870715,
  "tier_exact": 783,
  "tier_alias": 9,
  "tier_jaccard": 15,
  "tier_none": 44,
  "elapsed_seconds": 244.0,
  "n_entities": 273
}