{
  "dataset": "bench_veterans_t2e",
  "method": "closedset",
  "model": "google/gemini-2.0-flash-001:floor",
  "battery_dir": "E:\\Projects\\ImplicitEntities\\experiments\\results\\battery_20260416_114734",
  "n_samples": 620,
  "n_matched": 398,
  "Hit@1": 0.4306451612903226,
  "Hit@3": 0.6419354838709678,
  "Hit@5": 0.6419354838709678,
  "Hit@10": 0.6419354838709678,
  "Global_MRR": 0.5255376344086022,
  "Filtered_MRR": 0.8186767169179229,
  "tier_exact": 357,
  "tier_alias": 36,
  "tier_jaccard": 5,
  "tier_none": 222,
  "elapsed_seconds": 262.3,
  "n_entities": 427
}