{
  "dataset": "bench_veterans_t2e",
  "method": "hybrid",
  "model": "google/gemini-2.0-flash-001:floor",
  "battery_dir": "E:\\Projects\\ImplicitEntities\\experiments\\results\\battery_20260416_114734",
  "n_samples": 620,
  "n_matched": 184,
  "Hit@1": 0.1935483870967742,
  "Hit@3": 0.2693548387096774,
  "Hit@5": 0.2854838709677419,
  "Hit@10": 0.2967741935483871,
  "Global_MRR": 0.23144457245263694,
  "Filtered_MRR": 0.7798675810904072,
  "tier_exact": 152,
  "tier_alias": 19,
  "tier_jaccard": 13,
  "tier_none": 436,
  "elapsed_seconds": 217.8
}