{
  "dataset": "bench_veterans_e2t",
  "method": "hybrid",
  "model": "google/gemini-2.0-flash-001:floor",
  "battery_dir": "E:\\Projects\\ImplicitEntities\\experiments\\results\\battery_20260416_114734",
  "n_samples": 1447,
  "n_matched": 435,
  "Hit@1": 0.22322045611610228,
  "Hit@3": 0.2874913614374568,
  "Hit@5": 0.29716655148583276,
  "Hit@10": 0.3006219765031099,
  "Global_MRR": 0.2549335790524457,
  "Filtered_MRR": 0.8480204342273309,
  "tier_exact": 390,
  "tier_alias": 40,
  "tier_jaccard": 5,
  "tier_none": 1012,
  "elapsed_seconds": 476.3
}