{
  "dataset": "bench_veterans_e2t",
  "method": "embedding",
  "model": "google/gemini-2.0-flash-001:floor",
  "battery_dir": "E:\\Projects\\ImplicitEntities\\experiments\\results\\battery_20260416_114734",
  "n_samples": 1447,
  "n_matched": 436,
  "Hit@1": 0.06979958534899793,
  "Hit@3": 0.16171389080856946,
  "Hit@5": 0.2121630960608155,
  "Hit@10": 0.3013130615065653,
  "Global_MRR": 0.1328621888746284,
  "Filtered_MRR": 0.44094400757244795,
  "tier_exact": 390,
  "tier_alias": 41,
  "tier_jaccard": 5,
  "tier_none": 1011,
  "elapsed_seconds": 371.2
}