{
  "dataset": "e2t_twitter",
  "method": "llm",
  "model": "google/gemini-2.0-flash-001",
  "timestamp": "20260416_092603",
  "sbert_available": true,
  "n_samples": 769,
  "n_matched": 552,
  "Hit@1": 0.6059817945383615,
  "Hit@3": 0.717815344603381,
  "Hit@5": 0.717815344603381,
  "Hit@10": 0.717815344603381,
  "Global_MRR": 0.6562635457303858,
  "Filtered_MRR": 0.9142512077294686,
  "tier_exact": 415,
  "tier_alias": 83,
  "tier_jaccard": 54,
  "tier_none": 217,
  "elapsed_seconds": 117.1
}