{
  "dataset": "veterans_t2e_v2",
  "method": "llm",
  "model": "google/gemini-2.0-flash-001",
  "timestamp": "20260416_102451",
  "sbert_available": true,
  "n_samples": 640,
  "n_matched": 316,
  "Hit@1": 0.3625,
  "Hit@3": 0.49375,
  "Hit@5": 0.49375,
  "Hit@10": 0.49375,
  "Global_MRR": 0.42317708333333337,
  "Filtered_MRR": 0.8570675105485234,
  "tier_exact": 159,
  "tier_alias": 138,
  "tier_jaccard": 19,
  "tier_none": 324,
  "elapsed_seconds": 126.1
}