{
  "dataset": "veterans_t2e",
  "method": "ensemble_cascade_llm_hybrid",
  "model": "ensemble",
  "timestamp": "20260416_102301",
  "sbert_available": true,
  "n_samples": 846,
  "n_matched": 212,
  "Hit@1": 0.1938534278959811,
  "Hit@3": 0.25059101654846333,
  "Hit@5": 0.25059101654846333,
  "Hit@10": 0.25059101654846333,
  "Global_MRR": 0.2198581560283688,
  "Filtered_MRR": 0.8773584905660378,
  "tier_exact": 185,
  "tier_alias": 0,
  "tier_jaccard": 27,
  "tier_none": 634
}