{
  "dataset": "veterans_t2e",
  "method": "ablation_no_type",
  "model": "google/gemini-2.0-flash-001",
  "timestamp": "20260416_095304",
  "sbert_available": true,
  "n_samples": 846,
  "n_matched": 383,
  "Hit@1": 0.3333333333333333,
  "Hit@3": 0.45271867612293143,
  "Hit@5": 0.45271867612293143,
  "Hit@10": 0.45271867612293143,
  "Global_MRR": 0.3861308116627265,
  "Filtered_MRR": 0.8529155787641428,
  "tier_exact": 194,
  "tier_alias": 155,
  "tier_jaccard": 34,
  "tier_none": 463,
  "elapsed_seconds": 165.2,
  "ablation": "no_type"
}