{
  "dataset": "veterans_t2e",
  "method": "ablation_no_type_no_ctx",
  "model": "google/gemini-2.0-flash-001",
  "timestamp": "20260416_095304",
  "sbert_available": true,
  "n_samples": 846,
  "n_matched": 377,
  "Hit@1": 0.3321513002364066,
  "Hit@3": 0.44562647754137114,
  "Hit@5": 0.44562647754137114,
  "Hit@10": 0.44562647754137114,
  "Global_MRR": 0.3833727344365642,
  "Filtered_MRR": 0.8603006189213087,
  "tier_exact": 199,
  "tier_alias": 148,
  "tier_jaccard": 30,
  "tier_none": 469,
  "elapsed_seconds": 97.2,
  "ablation": "no_type_no_ctx"
}