{
  "dataset": "veterans_t2e",
  "method": "llm_multimodel",
  "model": "meta-llama/llama-3.1-8b-instruct",
  "timestamp": "20260416_095304",
  "sbert_available": true,
  "n_samples": 846,
  "n_matched": 462,
  "Hit@1": 0.3817966903073286,
  "Hit@3": 0.5460992907801419,
  "Hit@5": 0.5460992907801419,
  "Hit@10": 0.5460992907801419,
  "Global_MRR": 0.45449172576832153,
  "Filtered_MRR": 0.8322510822510822,
  "tier_exact": 148,
  "tier_alias": 288,
  "tier_jaccard": 26,
  "tier_none": 384,
  "elapsed_seconds": 258.5,
  "model_label": "Llama 3.1 8B"
}