{
  "timestamp": "20260416_120824",
  "mode": "description",
  "base_model": "all-MiniLM-L6-v2",
  "use_type_prefix": true,
  "training_time_seconds": 572.131628036499,
  "baseline": {
    "hit_at_1": 0.11554921540656206,
    "hit_at_3": 0.19971469329529243,
    "hit_at_5": 0.26105563480741795,
    "hit_at_10": 0.33951497860199714,
    "mrr": 0.19181436084999162,
    "num_queries": 701,
    "num_entities": 758
  },
  "trained": {
    "hit_at_1": 0.23109843081312412,
    "hit_at_3": 0.37660485021398005,
    "hit_at_5": 0.4593437945791726,
    "hit_at_10": 0.5877318116975749,
    "mrr": 0.34498771760824487,
    "num_queries": 701,
    "num_entities": 758
  },
  "improvement": {
    "hit_at_1": 0.11554921540656206,
    "hit_at_3": 0.17689015691868762,
    "hit_at_5": 0.19828815977175468,
    "hit_at_10": 0.2482168330955778,
    "mrr": 0.15317335675825325
  }
}