{
  "dataset": "veterans_t2e",
  "method": "emb_all-mpnet-base-v2",
  "model": "google/gemini-2.0-flash-001",
  "timestamp": "20260416_095227",
  "sbert_available": true,
  "n_samples": 846,
  "n_matched": 243,
  "Hit@1": 0.05555555555555555,
  "Hit@3": 0.12056737588652482,
  "Hit@5": 0.18912529550827423,
  "Hit@10": 0.2872340425531915,
  "Global_MRR": 0.10959276145446357,
  "Filtered_MRR": 0.38154516950813244,
  "tier_exact": 180,
  "tier_alias": 54,
  "tier_jaccard": 9,
  "tier_none": 603,
  "elapsed_seconds": 295.4,
  "embedding_model": "all-mpnet-base-v2",
  "embedding_model_full": "sentence-transformers/all-mpnet-base-v2",
  "embedding_dim": 768
}