{
  "dataset": "veterans_t2e",
  "method": "ensemble_union",
  "model": "ensemble",
  "timestamp": "20260416_103429",
  "sbert_available": true,
  "n_samples": 846,
  "n_matched": 352,
  "Hit@1": 0.1867612293144208,
  "Hit@3": 0.24349881796690306,
  "Hit@5": 0.36524822695035464,
  "Hit@10": 0.4160756501182033,
  "Global_MRR": 0.24949857405531164,
  "Filtered_MRR": 0.5996471410533911,
  "tier_exact": 334,
  "tier_alias": 0,
  "tier_jaccard": 18,
  "tier_none": 494
}